,mean_fit_time,std_fit_time,mean_score_time,std_score_time,param_C,param_gamma,param_kernel,params,split0_test_score,split1_test_score,split2_test_score,split3_test_score,split4_test_score,mean_test_score,std_test_score,rank_test_score
0,0.06310029029846191,0.003351059070477118,0.012660598754882813,0.0009621521303362856,0.1,4,rbf,"{'C': 0.1, 'gamma': 4, 'kernel': 'rbf'}",0.2897734201604839,0.28734726054394955,0.28734726054394955,0.28734726054394955,0.2918447555883076,0.28873199147612805,0.0018180381396586732,187
1,0.04646501541137695,0.012482322624930492,0.002510738372802734,0.000350657577868875,0.1,4,poly,"{'C': 0.1, 'gamma': 4, 'kernel': 'poly'}",0.970567407276268,0.9579828866258241,0.9662737701735382,0.9745062164796832,0.9872349128910092,0.9713130386892643,0.00966794300675679,82
2,0.021038389205932616,0.0010341642440266656,0.005755281448364258,0.00018386432734191012,0.1,4,sigmoid,"{'C': 0.1, 'gamma': 4, 'kernel': 'sigmoid'}",0.2897734201604839,0.28734726054394955,0.28734726054394955,0.28734726054394955,0.2918447555883076,0.28873199147612805,0.0018180381396586732,187
3,0.006896305084228516,0.0003947326542511888,0.0025176048278808595,0.0002958301188173615,0.1,4,linear,"{'C': 0.1, 'gamma': 4, 'kernel': 'linear'}",0.983043066729246,0.9833644799434149,0.9787941974849033,0.9786513735235366,0.9829388738354182,0.9813583983033037,0.0021570110410069577,58
4,0.06322302818298339,0.0005370865782795595,0.0126373291015625,0.00038619634025804304,0.1,2,rbf,"{'C': 0.1, 'gamma': 2, 'kernel': 'rbf'}",0.2897734201604839,0.28734726054394955,0.28734726054394955,0.28734726054394955,0.2918447555883076,0.28873199147612805,0.0018180381396586732,187
5,0.04732346534729004,0.01371483523022157,0.0023999691009521486,0.00016094136390518732,0.1,2,poly,"{'C': 0.1, 'gamma': 2, 'kernel': 'poly'}",0.970567407276268,0.9579828866258241,0.9662737701735382,0.9745062164796832,0.9872349128910092,0.9713130386892643,0.00966794300675679,82
6,0.02143831253051758,0.00033842512134621774,0.006017732620239258,0.0002426281005404875,0.1,2,sigmoid,"{'C': 0.1, 'gamma': 2, 'kernel': 'sigmoid'}",0.2897734201604839,0.28734726054394955,0.28734726054394955,0.28734726054394955,0.2918447555883076,0.28873199147612805,0.0018180381396586732,187
7,0.007546186447143555,0.0008102458749006183,0.002864503860473633,0.0004365954351068795,0.1,2,linear,"{'C': 0.1, 'gamma': 2, 'kernel': 'linear'}",0.983043066729246,0.9833644799434149,0.9787941974849033,0.9786513735235366,0.9829388738354182,0.9813583983033037,0.0021570110410069577,58
8,0.0630807876586914,0.004696319233453296,0.012423181533813476,0.0006680533955574499,0.1,1,rbf,"{'C': 0.1, 'gamma': 1, 'kernel': 'rbf'}",0.2897734201604839,0.28734726054394955,0.28734726054394955,0.28734726054394955,0.2918447555883076,0.28873199147612805,0.0018180381396586732,187
9,0.04615006446838379,0.015022858476151493,0.002402591705322266,0.00015314858952746065,0.1,1,poly,"{'C': 0.1, 'gamma': 1, 'kernel': 'poly'}",0.970567407276268,0.9579828866258241,0.9662737701735382,0.9745062164796832,0.9872349128910092,0.9713130386892643,0.00966794300675679,82
10,0.0204620361328125,0.00029222660918206165,0.005750465393066406,0.00015253657729900704,0.1,1,sigmoid,"{'C': 0.1, 'gamma': 1, 'kernel': 'sigmoid'}",0.2897734201604839,0.28734726054394955,0.28734726054394955,0.28734726054394955,0.2918447555883076,0.28873199147612805,0.0018180381396586732,187
11,0.006601476669311523,0.0003886419303000174,0.002387523651123047,0.00015819269457918237,0.1,1,linear,"{'C': 0.1, 'gamma': 1, 'kernel': 'linear'}",0.983043066729246,0.9833644799434149,0.9787941974849033,0.9786513735235366,0.9829388738354182,0.9813583983033037,0.0021570110410069577,58
12,0.03625302314758301,0.0024788700015284,0.009779834747314453,0.00046271823301386486,0.1,0.1,rbf,"{'C': 0.1, 'gamma': 0.1, 'kernel': 'rbf'}",0.6160763173853423,0.6744661072777004,0.6399929909519562,0.6801551122804871,0.6274053405552867,0.6476191736901545,0.025459986802960823,162
13,0.04653482437133789,0.01391551590624057,0.002400112152099609,7.502444380274853e-05,0.1,0.1,poly,"{'C': 0.1, 'gamma': 0.1, 'kernel': 'poly'}",0.970567407276268,0.9579828866258241,0.9662737701735382,0.9745062164796832,0.9872349128910092,0.9713130386892643,0.00966794300675679,82
14,0.02082381248474121,0.00031706916001033946,0.006037378311157226,0.0005240419672403608,0.1,0.1,sigmoid,"{'C': 0.1, 'gamma': 0.1, 'kernel': 'sigmoid'}",0.2897734201604839,0.28734726054394955,0.28734726054394955,0.28734726054394955,0.2918447555883076,0.28873199147612805,0.0018180381396586732,187
15,0.006564188003540039,0.00030349643401722575,0.002464914321899414,0.00024006454695115075,0.1,0.1,linear,"{'C': 0.1, 'gamma': 0.1, 'kernel': 'linear'}",0.983043066729246,0.9833644799434149,0.9787941974849033,0.9786513735235366,0.9829388738354182,0.9813583983033037,0.0021570110410069577,58
16,0.01832413673400879,0.0005219343960606564,0.007458639144897461,0.00013063714351130125,0.1,0.01,rbf,"{'C': 0.1, 'gamma': 0.01, 'kernel': 'rbf'}",0.9042972013829359,0.8824192748120047,0.8431031848909575,0.8682541611191252,0.9255381702415602,0.8847223984893166,0.028487773845476565,154
17,0.04274301528930664,0.017970646367527928,0.0022611141204833983,4.621223719765671e-05,0.1,0.01,poly,"{'C': 0.1, 'gamma': 0.01, 'kernel': 'poly'}",0.9788922673503556,0.9579828866258241,0.9745182748599045,0.9745062164796832,0.9915299466436764,0.9754859183918887,0.010744918116176118,70
18,0.02259354591369629,0.0004989549699355177,0.006784772872924805,0.0008929071446961764,0.1,0.01,sigmoid,"{'C': 0.1, 'gamma': 0.01, 'kernel': 'sigmoid'}",0.2897734201604839,0.28734726054394955,0.28734726054394955,0.28734726054394955,0.2918447555883076,0.28873199147612805,0.0018180381396586732,187
19,0.006972837448120117,0.0006911543227401463,0.0025787830352783205,0.00023238576594581005,0.1,0.01,linear,"{'C': 0.1, 'gamma': 0.01, 'kernel': 'linear'}",0.983043066729246,0.9833644799434149,0.9787941974849033,0.9786513735235366,0.9829388738354182,0.9813583983033037,0.0021570110410069577,58
20,0.016687440872192382,0.0010457392141704292,0.007800054550170898,0.0005145323590809875,0.1,0.001,rbf,"{'C': 0.1, 'gamma': 0.001, 'kernel': 'rbf'}",0.8201658271523851,0.7743313748398494,0.808320970493016,0.7585985598483103,0.8551380523040745,0.803310956927527,0.03415918421724656,158
21,0.008001375198364257,0.000298600492248679,0.0034028053283691405,0.00021750923704711374,0.1,0.001,poly,"{'C': 0.1, 'gamma': 0.001, 'kernel': 'poly'}",0.9562438785740551,0.9660354872881356,0.9369902979556837,0.956716606390224,0.9740334556540554,0.9580039451724309,0.0123917659754988,138
22,0.04959812164306641,0.0005802139492880664,0.011313819885253906,0.00019174876144790632,0.1,0.001,sigmoid,"{'C': 0.1, 'gamma': 0.001, 'kernel': 'sigmoid'}",0.2897734201604839,0.28734726054394955,0.28734726054394955,0.28734726054394955,0.2918447555883076,0.28873199147612805,0.0018180381396586732,187
23,0.007254791259765625,0.0007944559608748855,0.0025263309478759767,0.00022140886885431118,0.1,0.001,linear,"{'C': 0.1, 'gamma': 0.001, 'kernel': 'linear'}",0.983043066729246,0.9833644799434149,0.9787941974849033,0.9786513735235366,0.9829388738354182,0.9813583983033037,0.0021570110410069577,58
24,0.023650646209716797,0.0005115237138123451,0.00852341651916504,7.355596093421964e-05,0.1,0.0001,rbf,"{'C': 0.1, 'gamma': 0.0001, 'kernel': 'rbf'}",0.7283912228014533,0.7171845746321465,0.7341774908918107,0.7012601740429677,0.7432973805855162,0.7248621685907788,0.014526431703026208,160
25,0.015711355209350585,0.00023810759289468519,0.0053616523742675785,0.00031162636618405597,0.1,0.0001,poly,"{'C': 0.1, 'gamma': 0.0001, 'kernel': 'poly'}",0.7259753749016005,0.7035321995053887,0.7217469768397986,0.666371367824238,0.7354863673949894,0.710622457293203,0.024438132966618176,161
26,0.052918004989624026,0.006204925935804377,0.012008142471313477,0.001688970423581613,0.1,0.0001,sigmoid,"{'C': 0.1, 'gamma': 0.0001, 'kernel': 'sigmoid'}",0.2824043230438967,0.28734726054394955,0.2780860956952152,0.28551662795868954,0.2844326258760375,0.2835573866235577,0.003169618107347967,244
27,0.0069941520690917965,0.00057810279864954,0.0024176597595214843,0.00012613551545229072,0.1,0.0001,linear,"{'C': 0.1, 'gamma': 0.0001, 'kernel': 'linear'}",0.983043066729246,0.9833644799434149,0.9787941974849033,0.9786513735235366,0.9829388738354182,0.9813583983033037,0.0021570110410069577,58
28,0.0638387680053711,0.0008236065015817648,0.012055063247680664,0.0004322948346030302,1,4,rbf,"{'C': 1, 'gamma': 4, 'kernel': 'rbf'}",0.3826217016184898,0.3567329397090115,0.3575763457556936,0.38052565277141553,0.39247412525796554,0.3739861530225152,0.014325487901454404,186
29,0.04688801765441895,0.01352270810643022,0.0023706436157226564,0.0002842244430570149,1,4,poly,"{'C': 1, 'gamma': 4, 'kernel': 'poly'}",0.970567407276268,0.9579828866258241,0.9662737701735382,0.9745062164796832,0.9872349128910092,0.9713130386892643,0.00966794300675679,82
30,0.021459579467773438,0.0007762838200474175,0.005845355987548828,0.00044926551959733826,1,4,sigmoid,"{'C': 1, 'gamma': 4, 'kernel': 'sigmoid'}",0.2897734201604839,0.28734726054394955,0.28734726054394955,0.28734726054394955,0.2918447555883076,0.28873199147612805,0.0018180381396586732,187
31,0.008637428283691406,0.0013948613879325206,0.0021486282348632812,0.0001295964973384405,1,4,linear,"{'C': 1, 'gamma': 4, 'kernel': 'linear'}",0.9873350512068803,0.9789129808761018,0.9830251669234721,0.9830341711894728,0.991516278320041,0.9847647297031935,0.004300089234593674,50
32,0.06528668403625489,0.0007120444593426255,0.012610769271850586,0.0001300051367616188,1,2,rbf,"{'C': 1, 'gamma': 2, 'kernel': 'rbf'}",0.4449831186648769,0.43327144963091174,0.46148245398164367,0.5019614738300145,0.44284990752184267,0.4569096807258579,0.024286870492467413,178
33,0.04534745216369629,0.013205367618036068,0.002414417266845703,0.0002508549334210091,1,2,poly,"{'C': 1, 'gamma': 2, 'kernel': 'poly'}",0.970567407276268,0.9579828866258241,0.9662737701735382,0.9745062164796832,0.9872349128910092,0.9713130386892643,0.00966794300675679,82
34,0.020355939865112305,0.00045913738521380284,0.005640506744384766,0.00015897660750034784,1,2,sigmoid,"{'C': 1, 'gamma': 2, 'kernel': 'sigmoid'}",0.2897734201604839,0.28734726054394955,0.28734726054394955,0.28734726054394955,0.2918447555883076,0.28873199147612805,0.0018180381396586732,187
35,0.008422565460205079,0.0012357833392596972,0.002209329605102539,0.00012738600933417127,1,2,linear,"{'C': 1, 'gamma': 2, 'kernel': 'linear'}",0.9873350512068803,0.9789129808761018,0.9830251669234721,0.9830341711894728,0.991516278320041,0.9847647297031935,0.004300089234593674,50
36,0.06440167427062989,0.001896462412381672,0.012316560745239258,0.0001675305179431856,1,1,rbf,"{'C': 1, 'gamma': 1, 'kernel': 'rbf'}",0.5703310469588415,0.5935168138788257,0.5685856782828623,0.6105810710523796,0.5898340319330714,0.586569728421196,0.01563702710708951,170
37,0.045858240127563475,0.013281163207985211,0.0026237964630126953,0.00042147730550910094,1,1,poly,"{'C': 1, 'gamma': 1, 'kernel': 'poly'}",0.970567407276268,0.9579828866258241,0.9662737701735382,0.9745062164796832,0.9872349128910092,0.9713130386892643,0.00966794300675679,82
38,0.021545600891113282,0.0005279045507229002,0.006058788299560547,0.00036494346789698527,1,1,sigmoid,"{'C': 1, 'gamma': 1, 'kernel': 'sigmoid'}",0.2897734201604839,0.28734726054394955,0.28734726054394955,0.28734726054394955,0.2918447555883076,0.28873199147612805,0.0018180381396586732,187
39,0.008848047256469727,0.0009514779500619361,0.0024431705474853515,0.00030289376404955235,1,1,linear,"{'C': 1, 'gamma': 1, 'kernel': 'linear'}",0.9873350512068803,0.9789129808761018,0.9830251669234721,0.9830341711894728,0.991516278320041,0.9847647297031935,0.004300089234593674,50
40,0.03688993453979492,0.0005851440230549416,0.007788753509521485,0.0003520943942783639,1,0.1,rbf,"{'C': 1, 'gamma': 0.1, 'kernel': 'rbf'}",0.974034530130466,0.9468835268380885,0.9435835393450502,0.9696102795624976,0.9522125664046883,0.9572648884561581,0.012280940551196225,139
41,0.04743118286132812,0.013378884494592878,0.002524709701538086,0.00032428932643722123,1,0.1,poly,"{'C': 1, 'gamma': 0.1, 'kernel': 'poly'}",0.970567407276268,0.9579828866258241,0.9662737701735382,0.9745062164796832,0.9872349128910092,0.9713130386892643,0.00966794300675679,82
42,0.02108922004699707,0.00032396411277985044,0.005797433853149414,0.00013073779254309408,1,0.1,sigmoid,"{'C': 1, 'gamma': 0.1, 'kernel': 'sigmoid'}",0.2897734201604839,0.28734726054394955,0.28734726054394955,0.28734726054394955,0.2918447555883076,0.28873199147612805,0.0018180381396586732,187
43,0.008702611923217774,0.0012233814885872403,0.0023154258728027345,0.00036742116585047213,1,0.1,linear,"{'C': 1, 'gamma': 0.1, 'kernel': 'linear'}",0.9873350512068803,0.9789129808761018,0.9830251669234721,0.9830341711894728,0.991516278320041,0.9847647297031935,0.004300089234593674,50
44,0.011779451370239257,0.0005773701482913888,0.0048126220703125,9.404911563864121e-05,1,0.01,rbf,"{'C': 1, 'gamma': 0.01, 'kernel': 'rbf'}",0.9695278442197998,0.9620535618868489,0.9260550568011342,0.9739136100104129,0.9646663839625059,0.9592432913761403,0.017086583881948968,130
45,0.04748244285583496,0.012966476849361239,0.002438068389892578,0.0002281677511139325,1,0.01,poly,"{'C': 1, 'gamma': 0.01, 'kernel': 'poly'}",0.970567407276268,0.9579828866258241,0.9662737701735382,0.9703617234165125,0.9872349128910092,0.9704841400766304,0.009535395762172664,120
46,0.020347404479980468,0.00017832947271031568,0.005729103088378906,0.0001788619040677848,1,0.01,sigmoid,"{'C': 1, 'gamma': 0.01, 'kernel': 'sigmoid'}",0.2897734201604839,0.28734726054394955,0.28734726054394955,0.28734726054394955,0.2918447555883076,0.28873199147612805,0.0018180381396586732,187
47,0.008503913879394531,0.0012387766473357686,0.0022603511810302735,0.00022682124662898797,1,0.01,linear,"{'C': 1, 'gamma': 0.01, 'kernel': 'linear'}",0.9873350512068803,0.9789129808761018,0.9830251669234721,0.9830341711894728,0.991516278320041,0.9847647297031935,0.004300089234593674,50
48,0.009767532348632812,0.000323510274529326,0.006706762313842774,0.0001410243295552686,1,0.001,rbf,"{'C': 1, 'gamma': 0.001, 'kernel': 'rbf'}",0.9221450161881254,0.9266192848968104,0.8916822855502052,0.9137271268468149,0.9553720991906435,0.9219091625345198,0.02060397441992771,145
49,0.008547687530517578,0.0006966494044545379,0.002448749542236328,6.137255455714242e-05,1,0.001,poly,"{'C': 1, 'gamma': 0.001, 'kernel': 'poly'}",0.9703919968778971,0.9832803177768282,0.9695765858889802,0.9784518422369264,0.9872165345074487,0.9777834554576161,0.006951713237121123,67
50,0.0489708423614502,0.000865305442875335,0.011282968521118163,0.0005277903356578818,1,0.001,sigmoid,"{'C': 1, 'gamma': 0.001, 'kernel': 'sigmoid'}",0.2897734201604839,0.28734726054394955,0.28734726054394955,0.28734726054394955,0.2918447555883076,0.28873199147612805,0.0018180381396586732,187
51,0.008340120315551758,0.001268812319731489,0.0022321701049804687,0.00015612886481120624,1,0.001,linear,"{'C': 1, 'gamma': 0.001, 'kernel': 'linear'}",0.9873350512068803,0.9789129808761018,0.9830251669234721,0.9830341711894728,0.991516278320041,0.9847647297031935,0.004300089234593674,50
52,0.01402578353881836,0.0005806687425915348,0.007414770126342773,0.00023028013150164895,1,0.0001,rbf,"{'C': 1, 'gamma': 0.0001, 'kernel': 'rbf'}",0.8351190955199632,0.8003890880251074,0.8160064427453297,0.7863330574187584,0.8551380523040745,0.8185971472026466,0.0244435233958297,157
53,0.010491418838500976,0.00019099470558916673,0.004667997360229492,0.00017239710975046487,1,0.0001,poly,"{'C': 1, 'gamma': 0.0001, 'kernel': 'poly'}",0.8230914363671388,0.7826379493589337,0.814065282304593,0.763169877570425,0.8275505613563595,0.8021030213914899,0.0250034607869837,159
54,0.049631357192993164,0.002583189077709367,0.01131124496459961,0.0006108765356079886,1,0.0001,sigmoid,"{'C': 1, 'gamma': 0.0001, 'kernel': 'sigmoid'}",0.17971349056724764,0.21763182674199621,0.2188513595902939,0.26890268162648207,0.20597613513973131,0.21821509873315023,0.028990143686653622,245
55,0.008556890487670898,0.0013420401289202263,0.0024129867553710936,0.000279007375908263,1,0.0001,linear,"{'C': 1, 'gamma': 0.0001, 'kernel': 'linear'}",0.9873350512068803,0.9789129808761018,0.9830251669234721,0.9830341711894728,0.991516278320041,0.9847647297031935,0.004300089234593674,50
56,0.06417498588562012,0.0010798028837146127,0.011928701400756836,0.00025907193402135986,3,4,rbf,"{'C': 3, 'gamma': 4, 'kernel': 'rbf'}",0.41900443419430766,0.40270030150355823,0.39734121967502106,0.4244066201771069,0.42180746372482464,0.41305200785496365,0.010908742342005496,179
57,0.04620695114135742,0.012744307712808918,0.002579021453857422,0.0005847974999144005,3,4,poly,"{'C': 3, 'gamma': 4, 'kernel': 'poly'}",0.970567407276268,0.9579828866258241,0.9662737701735382,0.9745062164796832,0.9872349128910092,0.9713130386892643,0.00966794300675679,82
58,0.020691823959350587,0.0005048557273422005,0.005699777603149414,0.00021044610369278682,3,4,sigmoid,"{'C': 3, 'gamma': 4, 'kernel': 'sigmoid'}",0.2897734201604839,0.28734726054394955,0.28734726054394955,0.28734726054394955,0.2918447555883076,0.28873199147612805,0.0018180381396586732,187
59,0.011507844924926758,0.004091164510497297,0.0022890567779541016,0.00018926116729447697,3,4,linear,"{'C': 3, 'gamma': 4, 'kernel': 'linear'}",0.9831665300794615,0.9832415846161903,0.9787492442984731,0.9872959190566795,0.9957605745185628,0.9856427705138735,0.00573621865114207,15
60,0.06693992614746094,0.0012748044080046854,0.01206207275390625,0.00045467684497746825,3,2,rbf,"{'C': 3, 'gamma': 2, 'kernel': 'rbf'}",0.46344682867393205,0.480478477055771,0.48112304657392807,0.5369389514709526,0.5012485031778924,0.4926471613904952,0.025176525894477584,171
61,0.046398258209228514,0.012790220208201556,0.0023907184600830077,0.0002529805425676797,3,2,poly,"{'C': 3, 'gamma': 2, 'kernel': 'poly'}",0.970567407276268,0.9579828866258241,0.9662737701735382,0.9745062164796832,0.9872349128910092,0.9713130386892643,0.00966794300675679,82
62,0.021560096740722658,0.0020328147319761047,0.005936574935913086,0.0003498752283451599,3,2,sigmoid,"{'C': 3, 'gamma': 2, 'kernel': 'sigmoid'}",0.2897734201604839,0.28734726054394955,0.28734726054394955,0.28734726054394955,0.2918447555883076,0.28873199147612805,0.0018180381396586732,187
63,0.011222505569458007,0.003237856501266758,0.002215671539306641,0.00013162695692769721,3,2,linear,"{'C': 3, 'gamma': 2, 'kernel': 'linear'}",0.9831665300794615,0.9832415846161903,0.9787492442984731,0.9872959190566795,0.9957605745185628,0.9856427705138735,0.00573621865114207,15
64,0.06418538093566895,0.0012101620260708285,0.012404870986938477,0.000596459272473569,3,1,rbf,"{'C': 3, 'gamma': 1, 'kernel': 'rbf'}",0.5866598090759264,0.6192002711287364,0.5944860605183132,0.6288560888041962,0.631764281561124,0.6121933022176593,0.01830450754994287,163
65,0.0468900203704834,0.014122677694931921,0.002607440948486328,0.00031121626004128767,3,1,poly,"{'C': 3, 'gamma': 1, 'kernel': 'poly'}",0.970567407276268,0.9579828866258241,0.9662737701735382,0.9745062164796832,0.9872349128910092,0.9713130386892643,0.00966794300675679,82
66,0.021112537384033202,0.00040472674529860533,0.005834436416625977,0.00026075117885632264,3,1,sigmoid,"{'C': 3, 'gamma': 1, 'kernel': 'sigmoid'}",0.2897734201604839,0.28734726054394955,0.28734726054394955,0.28734726054394955,0.2918447555883076,0.28873199147612805,0.0018180381396586732,187
67,0.01104111671447754,0.0031979287181076064,0.0023154258728027345,0.0002201470248791599,3,1,linear,"{'C': 3, 'gamma': 1, 'kernel': 'linear'}",0.9831665300794615,0.9832415846161903,0.9787492442984731,0.9872959190566795,0.9957605745185628,0.9856427705138735,0.00573621865114207,15
68,0.039430427551269534,0.002063951880286002,0.007393598556518555,0.0003039660542179075,3,0.1,rbf,"{'C': 3, 'gamma': 0.1, 'kernel': 'rbf'}",0.9828872156300829,0.9468835268380885,0.9442140412322884,0.9696102795624976,0.9522125664046883,0.9591615259335292,0.014795603422577746,131
69,0.045496892929077146,0.013057220905848063,0.002378988265991211,0.0002017473954589431,3,0.1,poly,"{'C': 3, 'gamma': 0.1, 'kernel': 'poly'}",0.970567407276268,0.9579828866258241,0.9662737701735382,0.9745062164796832,0.9872349128910092,0.9713130386892643,0.00966794300675679,82
70,0.021242380142211914,0.0010329313395088847,0.006159448623657226,0.0004211699554193475,3,0.1,sigmoid,"{'C': 3, 'gamma': 0.1, 'kernel': 'sigmoid'}",0.2897734201604839,0.28734726054394955,0.28734726054394955,0.28734726054394955,0.2918447555883076,0.28873199147612805,0.0018180381396586732,187
71,0.01115117073059082,0.003079267438813479,0.002196979522705078,9.308215529315635e-05,3,0.1,linear,"{'C': 3, 'gamma': 0.1, 'kernel': 'linear'}",0.9831665300794615,0.9832415846161903,0.9787492442984731,0.9872959190566795,0.9957605745185628,0.9856427705138735,0.00573621865114207,15
72,0.010416173934936523,0.0001864826302435587,0.0046729564666748045,8.061163099873906e-05,3,0.01,rbf,"{'C': 3, 'gamma': 0.01, 'kernel': 'rbf'}",0.987317918131166,0.9704629491097956,0.9483640584215752,0.9739136100104129,0.9738722376769501,0.97078615466998,0.012613159401004785,119
73,0.048097085952758786,0.014054085286186404,0.00249481201171875,0.0003744852696925889,3,0.01,poly,"{'C': 3, 'gamma': 0.01, 'kernel': 'poly'}",0.970567407276268,0.9579828866258241,0.9662737701735382,0.9703617234165125,0.9872349128910092,0.9704841400766304,0.009535395762172664,120
74,0.020435285568237305,0.00038867100018291704,0.005791664123535156,0.0002635912077108972,3,0.01,sigmoid,"{'C': 3, 'gamma': 0.01, 'kernel': 'sigmoid'}",0.2897734201604839,0.28734726054394955,0.28734726054394955,0.28734726054394955,0.2918447555883076,0.28873199147612805,0.0018180381396586732,187
75,0.010912752151489258,0.003197236283400301,0.0022039890289306642,0.00014077597774198402,3,0.01,linear,"{'C': 3, 'gamma': 0.01, 'kernel': 'linear'}",0.9831665300794615,0.9832415846161903,0.9787492442984731,0.9872959190566795,0.9957605745185628,0.9856427705138735,0.00573621865114207,15
76,0.008217763900756837,0.00026588379224984284,0.004942750930786133,0.00034907781205117765,3,0.001,rbf,"{'C': 3, 'gamma': 0.001, 'kernel': 'rbf'}",0.9514055938609998,0.9571577828749185,0.9415275338007143,0.9565439089792097,0.960107398293586,0.9533484435618856,0.006540857846525868,140
77,0.009515047073364258,0.000937569814288359,0.0024048328399658204,0.00018386098838809087,3,0.001,poly,"{'C': 3, 'gamma': 0.001, 'kernel': 'poly'}",0.9831095836721023,0.979277417946976,0.974610442074217,0.9871095281260825,0.98729566041735,0.9822805264473455,0.004837499701047251,57
78,0.04889955520629883,0.0007378559696785229,0.011386537551879882,0.0004560903323648833,3,0.001,sigmoid,"{'C': 3, 'gamma': 0.001, 'kernel': 'sigmoid'}",0.2897734201604839,0.28734726054394955,0.28734726054394955,0.28734726054394955,0.2918447555883076,0.28873199147612805,0.0018180381396586732,187
79,0.01098637580871582,0.0031134520394253623,0.0023693084716796876,0.0004264884323141553,3,0.001,linear,"{'C': 3, 'gamma': 0.001, 'kernel': 'linear'}",0.9831665300794615,0.9832415846161903,0.9787492442984731,0.9872959190566795,0.9957605745185628,0.9856427705138735,0.00573621865114207,15
80,0.011681413650512696,0.00015648961553488386,0.006499147415161133,0.00016831585755901365,3,0.0001,rbf,"{'C': 3, 'gamma': 0.0001, 'kernel': 'rbf'}",0.8779716848751226,0.8612719201702252,0.8554769096632191,0.8182340174482385,0.9110395058605278,0.8647988076034668,0.03026332192370913,155
81,0.009618854522705078,0.0007627629672009958,0.004399824142456055,0.00019477279795362493,3,0.0001,poly,"{'C': 3, 'gamma': 0.0001, 'kernel': 'poly'}",0.8827629125802436,0.8480559031703134,0.8535828121252771,0.8089732387007813,0.8918638186313731,0.8570477370415978,0.029248746851839463,156
82,0.04395084381103516,0.0007456319643296311,0.010820245742797852,0.0008262178589195016,3,0.0001,sigmoid,"{'C': 3, 'gamma': 0.0001, 'kernel': 'sigmoid'}",0.16593615831380307,0.2028344536819113,0.2051033712050661,0.26890268162648207,0.16417654056788894,0.20139064107903032,0.03798856197253302,246
83,0.010894584655761718,0.003120042095995633,0.0021676540374755858,0.00015144706969250126,3,0.0001,linear,"{'C': 3, 'gamma': 0.0001, 'kernel': 'linear'}",0.9831665300794615,0.9832415846161903,0.9787492442984731,0.9872959190566795,0.9957605745185628,0.9856427705138735,0.00573621865114207,15
84,0.06398954391479492,0.0007595661451997123,0.011803531646728515,0.0003221943760268466,5,4,rbf,"{'C': 5, 'gamma': 4, 'kernel': 'rbf'}",0.41900443419430766,0.40270030150355823,0.39734121967502106,0.4244066201771069,0.42180746372482464,0.41305200785496365,0.010908742342005496,179
85,0.04701142311096192,0.014661125087218337,0.002229642868041992,1.5363779073673146e-05,5,4,poly,"{'C': 5, 'gamma': 4, 'kernel': 'poly'}",0.970567407276268,0.9579828866258241,0.9662737701735382,0.9745062164796832,0.9872349128910092,0.9713130386892643,0.00966794300675679,82
86,0.02037158012390137,0.00036750664818673023,0.005776023864746094,0.0002536071594141693,5,4,sigmoid,"{'C': 5, 'gamma': 4, 'kernel': 'sigmoid'}",0.2897734201604839,0.28734726054394955,0.28734726054394955,0.28734726054394955,0.2918447555883076,0.28873199147612805,0.0018180381396586732,187
87,0.012237930297851562,0.003588615629723366,0.002128410339355469,8.247331156862938e-05,5,4,linear,"{'C': 5, 'gamma': 4, 'kernel': 'linear'}",0.9873838464012082,0.9832415846161903,0.9787492442984731,0.991549198841276,0.9957605745185628,0.9873368897351421,0.00598704261597987,1
88,0.06615281105041504,0.0004512747917990729,0.011976671218872071,0.00020888980369741488,5,2,rbf,"{'C': 5, 'gamma': 2, 'kernel': 'rbf'}",0.46344682867393205,0.480478477055771,0.48112304657392807,0.5369389514709526,0.5012485031778924,0.4926471613904952,0.025176525894477584,171
89,0.04501476287841797,0.01324458495942529,0.002501678466796875,0.00037242094455570355,5,2,poly,"{'C': 5, 'gamma': 2, 'kernel': 'poly'}",0.970567407276268,0.9579828866258241,0.9662737701735382,0.9745062164796832,0.9872349128910092,0.9713130386892643,0.00966794300675679,82
90,0.02116694450378418,0.0009089674180388799,0.006483745574951172,0.0008949727698025367,5,2,sigmoid,"{'C': 5, 'gamma': 2, 'kernel': 'sigmoid'}",0.2897734201604839,0.28734726054394955,0.28734726054394955,0.28734726054394955,0.2918447555883076,0.28873199147612805,0.0018180381396586732,187
91,0.012221145629882812,0.0036602562770629795,0.0022676944732666015,0.0002508132448476189,5,2,linear,"{'C': 5, 'gamma': 2, 'kernel': 'linear'}",0.9873838464012082,0.9832415846161903,0.9787492442984731,0.991549198841276,0.9957605745185628,0.9873368897351421,0.00598704261597987,1
92,0.06519684791564942,0.0005483143121654872,0.011884832382202148,0.0003240362196723374,5,1,rbf,"{'C': 5, 'gamma': 1, 'kernel': 'rbf'}",0.5866598090759264,0.6192002711287364,0.5944860605183132,0.6288560888041962,0.631764281561124,0.6121933022176593,0.01830450754994287,163
93,0.04603943824768066,0.013267435976894303,0.0023288726806640625,0.00013318233406936616,5,1,poly,"{'C': 5, 'gamma': 1, 'kernel': 'poly'}",0.970567407276268,0.9579828866258241,0.9662737701735382,0.9745062164796832,0.9872349128910092,0.9713130386892643,0.00966794300675679,82
94,0.02064805030822754,0.00026722489548360067,0.005765151977539062,0.0002752783598734163,5,1,sigmoid,"{'C': 5, 'gamma': 1, 'kernel': 'sigmoid'}",0.2897734201604839,0.28734726054394955,0.28734726054394955,0.28734726054394955,0.2918447555883076,0.28873199147612805,0.0018180381396586732,187
95,0.012180614471435546,0.0038118648903767336,0.002285480499267578,0.0002829597660484658,5,1,linear,"{'C': 5, 'gamma': 1, 'kernel': 'linear'}",0.9873838464012082,0.9832415846161903,0.9787492442984731,0.991549198841276,0.9957605745185628,0.9873368897351421,0.00598704261597987,1
96,0.039441919326782225,0.0027969896438664386,0.0074275493621826175,0.000402813805137114,5,0.1,rbf,"{'C': 5, 'gamma': 0.1, 'kernel': 'rbf'}",0.9828872156300829,0.9468835268380885,0.9442140412322884,0.9696102795624976,0.9522125664046883,0.9591615259335292,0.014795603422577746,131
97,0.047882080078125,0.01588838940812225,0.0025663852691650392,0.0004025501369842903,5,0.1,poly,"{'C': 5, 'gamma': 0.1, 'kernel': 'poly'}",0.970567407276268,0.9579828866258241,0.9662737701735382,0.9745062164796832,0.9872349128910092,0.9713130386892643,0.00966794300675679,82
98,0.020668888092041017,0.0006784264845402932,0.005983543395996094,0.00032739093408164693,5,0.1,sigmoid,"{'C': 5, 'gamma': 0.1, 'kernel': 'sigmoid'}",0.2897734201604839,0.28734726054394955,0.28734726054394955,0.28734726054394955,0.2918447555883076,0.28873199147612805,0.0018180381396586732,187
99,0.01242523193359375,0.0036421589251468397,0.0020801544189453123,5.099112948095001e-05,5,0.1,linear,"{'C': 5, 'gamma': 0.1, 'kernel': 'linear'}",0.9873838464012082,0.9832415846161903,0.9787492442984731,0.991549198841276,0.9957605745185628,0.9873368897351421,0.00598704261597987,1
100,0.010629224777221679,0.00017074282247622963,0.0040950775146484375,6.675924570497992e-05,5,0.01,rbf,"{'C': 5, 'gamma': 0.01, 'kernel': 'rbf'}",0.9830282402577571,0.9745762711864406,0.9489042222280654,0.9739136100104129,0.9783664604899326,0.9717577608345216,0.011879179522802546,79
101,0.047444915771484374,0.013807134287612526,0.002246189117431641,4.926847107305371e-05,5,0.01,poly,"{'C': 5, 'gamma': 0.01, 'kernel': 'poly'}",0.970567407276268,0.9579828866258241,0.9662737701735382,0.9703617234165125,0.9872349128910092,0.9704841400766304,0.009535395762172664,120
102,0.02035865783691406,0.00028790614971760755,0.0058937549591064455,0.0004168963958551123,5,0.01,sigmoid,"{'C': 5, 'gamma': 0.01, 'kernel': 'sigmoid'}",0.2897734201604839,0.28734726054394955,0.28734726054394955,0.28734726054394955,0.2918447555883076,0.28873199147612805,0.0018180381396586732,187
103,0.012668848037719727,0.003801085493817431,0.0021485805511474608,8.163034348179943e-05,5,0.01,linear,"{'C': 5, 'gamma': 0.01, 'kernel': 'linear'}",0.9873838464012082,0.9832415846161903,0.9787492442984731,0.991549198841276,0.9957605745185628,0.9873368897351421,0.00598704261597987,1
104,0.007620620727539063,0.00032358857469922455,0.004433679580688477,0.00024064225805658929,5,0.001,rbf,"{'C': 5, 'gamma': 0.001, 'kernel': 'rbf'}",0.9695287837257458,0.9788944139555097,0.9422548218377712,0.9570198035954258,0.9735994937266124,0.964259463368213,0.01315903191977057,129
105,0.011155366897583008,0.0011648599785810782,0.0024326801300048827,0.0003327098118115597,5,0.001,poly,"{'C': 5, 'gamma': 0.001, 'kernel': 'poly'}",0.9789320384257093,0.9708435308708834,0.9830251669234721,0.9742845840472157,0.9830652911817932,0.9780301222898148,0.004833073604417651,66
106,0.04899253845214844,0.0011997345577304153,0.011421442031860352,0.0008100645580862234,5,0.001,sigmoid,"{'C': 5, 'gamma': 0.001, 'kernel': 'sigmoid'}",0.2897734201604839,0.28734726054394955,0.28734726054394955,0.28734726054394955,0.2918447555883076,0.28873199147612805,0.0018180381396586732,187
107,0.012679004669189453,0.004196197524826634,0.002149057388305664,3.7838583375246825e-05,5,0.001,linear,"{'C': 5, 'gamma': 0.001, 'kernel': 'linear'}",0.9873838464012082,0.9832415846161903,0.9787492442984731,0.991549198841276,0.9957605745185628,0.9873368897351421,0.00598704261597987,1
108,0.010761165618896484,0.00022350210646002202,0.006204986572265625,9.834349941337546e-05,5,0.0001,rbf,"{'C': 5, 'gamma': 0.0001, 'kernel': 'rbf'}",0.9221450161881254,0.9077219242250465,0.8770172739012794,0.8756777529470116,0.9363503275384072,0.903782458959974,0.02416451360807894,151
109,0.009052658081054687,0.0005609515774455694,0.004320955276489258,0.0002513982817252325,5,0.0001,poly,"{'C': 5, 'gamma': 0.0001, 'kernel': 'poly'}",0.8945011792133661,0.8819518670030334,0.8806420081558488,0.8629231054792472,0.9138200838506896,0.886767648740437,0.016857753163566993,153
110,0.04295535087585449,0.0007784021919061609,0.010728406906127929,0.00017687949001375262,5,0.0001,sigmoid,"{'C': 5, 'gamma': 0.0001, 'kernel': 'sigmoid'}",0.16312079041853397,0.2002293870268893,0.20229312063808577,0.26890268162648207,0.16809190251221573,0.20052757644444136,0.03776162511362365,247
111,0.012226104736328125,0.0037382888685193916,0.002120208740234375,5.936984545234681e-05,5,0.0001,linear,"{'C': 5, 'gamma': 0.0001, 'kernel': 'linear'}",0.9873838464012082,0.9832415846161903,0.9787492442984731,0.991549198841276,0.9957605745185628,0.9873368897351421,0.00598704261597987,1
112,0.06353273391723632,0.001061693032296755,0.011609506607055665,0.0001861147045403925,7,4,rbf,"{'C': 7, 'gamma': 4, 'kernel': 'rbf'}",0.41900443419430766,0.40270030150355823,0.39734121967502106,0.4244066201771069,0.42180746372482464,0.41305200785496365,0.010908742342005496,179
113,0.045466375350952146,0.012543775158334554,0.002326202392578125,0.0001051375005098441,7,4,poly,"{'C': 7, 'gamma': 4, 'kernel': 'poly'}",0.970567407276268,0.9579828866258241,0.9662737701735382,0.9745062164796832,0.9872349128910092,0.9713130386892643,0.00966794300675679,82
114,0.020726537704467772,0.00046208383532507085,0.005821847915649414,0.00027740476974690795,7,4,sigmoid,"{'C': 7, 'gamma': 4, 'kernel': 'sigmoid'}",0.2897734201604839,0.28734726054394955,0.28734726054394955,0.28734726054394955,0.2918447555883076,0.28873199147612805,0.0018180381396586732,187
115,0.014055442810058594,0.002407970358856359,0.002166557312011719,4.365089340622139e-05,7,4,linear,"{'C': 7, 'gamma': 4, 'kernel': 'linear'}",0.9873838464012082,0.9832415846161903,0.9787492442984731,0.991549198841276,0.9957605745185628,0.9873368897351421,0.00598704261597987,1
116,0.06632575988769532,0.0006028884080498698,0.012021398544311524,3.863605258140238e-05,7,2,rbf,"{'C': 7, 'gamma': 2, 'kernel': 'rbf'}",0.46344682867393205,0.480478477055771,0.48112304657392807,0.5369389514709526,0.5012485031778924,0.4926471613904952,0.025176525894477584,171
117,0.04527339935302734,0.013217311875654551,0.0023902416229248046,0.0001429690761375974,7,2,poly,"{'C': 7, 'gamma': 2, 'kernel': 'poly'}",0.970567407276268,0.9579828866258241,0.9662737701735382,0.9745062164796832,0.9872349128910092,0.9713130386892643,0.00966794300675679,82
118,0.02082686424255371,0.0006815708145925781,0.005949735641479492,0.0004666664971713669,7,2,sigmoid,"{'C': 7, 'gamma': 2, 'kernel': 'sigmoid'}",0.2897734201604839,0.28734726054394955,0.28734726054394955,0.28734726054394955,0.2918447555883076,0.28873199147612805,0.0018180381396586732,187
119,0.013868141174316406,0.002650855671304668,0.0021811962127685548,6.22506481331683e-05,7,2,linear,"{'C': 7, 'gamma': 2, 'kernel': 'linear'}",0.9873838464012082,0.9832415846161903,0.9787492442984731,0.991549198841276,0.9957605745185628,0.9873368897351421,0.00598704261597987,1
120,0.06569604873657227,0.0009679701457024562,0.012475347518920899,0.0002713527140556014,7,1,rbf,"{'C': 7, 'gamma': 1, 'kernel': 'rbf'}",0.5866598090759264,0.6192002711287364,0.5944860605183132,0.6288560888041962,0.631764281561124,0.6121933022176593,0.01830450754994287,163
121,0.04565620422363281,0.01313266228907781,0.0026300430297851564,0.00037096470335816267,7,1,poly,"{'C': 7, 'gamma': 1, 'kernel': 'poly'}",0.970567407276268,0.9579828866258241,0.9662737701735382,0.9745062164796832,0.9872349128910092,0.9713130386892643,0.00966794300675679,82
122,0.02055349349975586,0.00023633026113645681,0.005744171142578125,0.00014151948469738444,7,1,sigmoid,"{'C': 7, 'gamma': 1, 'kernel': 'sigmoid'}",0.2897734201604839,0.28734726054394955,0.28734726054394955,0.28734726054394955,0.2918447555883076,0.28873199147612805,0.0018180381396586732,187
123,0.014264345169067383,0.0024317137771185564,0.0021738052368164063,5.3539619268031864e-05,7,1,linear,"{'C': 7, 'gamma': 1, 'kernel': 'linear'}",0.9873838464012082,0.9832415846161903,0.9787492442984731,0.991549198841276,0.9957605745185628,0.9873368897351421,0.00598704261597987,1
124,0.03978829383850098,0.0017093707862783428,0.007449102401733398,0.00015290156548304452,7,0.1,rbf,"{'C': 7, 'gamma': 0.1, 'kernel': 'rbf'}",0.9828872156300829,0.9468835268380885,0.9442140412322884,0.9696102795624976,0.9522125664046883,0.9591615259335292,0.014795603422577746,131
125,0.047875261306762694,0.014196889902966173,0.0025179386138916016,0.0001993443389447423,7,0.1,poly,"{'C': 7, 'gamma': 0.1, 'kernel': 'poly'}",0.970567407276268,0.9579828866258241,0.9662737701735382,0.9745062164796832,0.9872349128910092,0.9713130386892643,0.00966794300675679,82
126,0.021495246887207033,0.0005489504525653974,0.005847406387329101,0.0003907439292505434,7,0.1,sigmoid,"{'C': 7, 'gamma': 0.1, 'kernel': 'sigmoid'}",0.2897734201604839,0.28734726054394955,0.28734726054394955,0.28734726054394955,0.2918447555883076,0.28873199147612805,0.0018180381396586732,187
127,0.014771747589111327,0.002616832300151502,0.002319955825805664,0.00013193030327337692,7,0.1,linear,"{'C': 7, 'gamma': 0.1, 'kernel': 'linear'}",0.9873838464012082,0.9832415846161903,0.9787492442984731,0.991549198841276,0.9957605745185628,0.9873368897351421,0.00598704261597987,1
128,0.010429763793945312,0.0003059056093486727,0.004144620895385742,0.00028631347174098564,7,0.01,rbf,"{'C': 7, 'gamma': 0.01, 'kernel': 'rbf'}",0.9743024969017358,0.9745762711864406,0.9529720087936974,0.9739136100104129,0.9783664604899326,0.9708261694764438,0.009069811977184332,118
129,0.04680266380310059,0.01341592849880744,0.002523374557495117,0.00029515655432062193,7,0.01,poly,"{'C': 7, 'gamma': 0.01, 'kernel': 'poly'}",0.970567407276268,0.9579828866258241,0.9662737701735382,0.9703617234165125,0.9872349128910092,0.9704841400766304,0.009535395762172664,120
130,0.020861244201660155,0.0009966018849403419,0.006186962127685547,0.000430881253975512,7,0.01,sigmoid,"{'C': 7, 'gamma': 0.01, 'kernel': 'sigmoid'}",0.2897734201604839,0.28734726054394955,0.28734726054394955,0.28734726054394955,0.2918447555883076,0.28873199147612805,0.0018180381396586732,187
131,0.014856433868408203,0.0036263986749312956,0.0027475357055664062,0.000343138691782678,7,0.01,linear,"{'C': 7, 'gamma': 0.01, 'kernel': 'linear'}",0.9873838464012082,0.9832415846161903,0.9787492442984731,0.991549198841276,0.9957605745185628,0.9873368897351421,0.00598704261597987,1
132,0.009179639816284179,0.0017347231836306188,0.005287647247314453,0.0011150411432959205,7,0.001,rbf,"{'C': 7, 'gamma': 0.001, 'kernel': 'rbf'}",0.9740995756126273,0.9788944139555097,0.9422548218377712,0.9570198035954258,0.978158287837827,0.9660853805678322,0.01431177112535034,128
133,0.014370059967041016,0.0020907048698014436,0.002361965179443359,3.92331228457221e-05,7,0.001,poly,"{'C': 7, 'gamma': 0.001, 'kernel': 'poly'}",0.9831095836721023,0.9750490762689525,0.9830507541171198,0.9742845840472157,0.9830652911817932,0.9797118578574366,0.004126381396780796,65
134,0.062432289123535156,0.005177715834981115,0.014886188507080077,0.0017027091134962037,7,0.001,sigmoid,"{'C': 7, 'gamma': 0.001, 'kernel': 'sigmoid'}",0.2897734201604839,0.28734726054394955,0.28734726054394955,0.28734726054394955,0.2918447555883076,0.28873199147612805,0.0018180381396586732,187
135,0.014224767684936523,0.002394559184936682,0.0021842479705810546,6.262355245217494e-05,7,0.001,linear,"{'C': 7, 'gamma': 0.001, 'kernel': 'linear'}",0.9873838464012082,0.9832415846161903,0.9787492442984731,0.991549198841276,0.9957605745185628,0.9873368897351421,0.00598704261597987,1
136,0.010284996032714844,0.00017774853252472853,0.006061172485351563,7.535228150641076e-05,7,0.0001,rbf,"{'C': 7, 'gamma': 0.0001, 'kernel': 'rbf'}",0.9221450161881254,0.921822838615109,0.8914078296995682,0.9057377456831384,0.941316985138469,0.916486083064882,0.016861338796257813,148
137,0.008838558197021484,0.0007752070839728022,0.004237699508666992,0.0003809268605352033,7,0.0001,poly,"{'C': 7, 'gamma': 0.0001, 'kernel': 'poly'}",0.9002861125932363,0.8996586117406669,0.8907024201028754,0.870416228618161,0.9290646578782172,0.8980256061866314,0.01890558705992714,152
138,0.042443466186523435,0.000919549056049295,0.010743474960327149,0.0002459633389631319,7,0.0001,sigmoid,"{'C': 7, 'gamma': 0.0001, 'kernel': 'sigmoid'}",0.16312079041853397,0.2002293870268893,0.20229312063808577,0.2663632189415264,0.1617839861595437,0.19875810063691585,0.038005831373665255,248
139,0.014017724990844726,0.0026590024787663306,0.00222926139831543,9.458451771600298e-05,7,0.0001,linear,"{'C': 7, 'gamma': 0.0001, 'kernel': 'linear'}",0.9873838464012082,0.9832415846161903,0.9787492442984731,0.991549198841276,0.9957605745185628,0.9873368897351421,0.00598704261597987,1
140,0.06482577323913574,0.0008805438082215044,0.01188035011291504,0.00022134847653217189,10,4,rbf,"{'C': 10, 'gamma': 4, 'kernel': 'rbf'}",0.41900443419430766,0.40270030150355823,0.39734121967502106,0.4244066201771069,0.42180746372482464,0.41305200785496365,0.010908742342005496,179
141,0.04893641471862793,0.013044599179119666,0.002431011199951172,0.00015884293888870175,10,4,poly,"{'C': 10, 'gamma': 4, 'kernel': 'poly'}",0.970567407276268,0.9579828866258241,0.9662737701735382,0.9745062164796832,0.9872349128910092,0.9713130386892643,0.00966794300675679,82
142,0.024619579315185547,0.0034219472630890343,0.007338666915893554,0.0015923581666035345,10,4,sigmoid,"{'C': 10, 'gamma': 4, 'kernel': 'sigmoid'}",0.2897734201604839,0.28734726054394955,0.28734726054394955,0.28734726054394955,0.2918447555883076,0.28873199147612805,0.0018180381396586732,187
143,0.014963340759277344,0.004601319217393064,0.0025411605834960937,0.00029073198326775115,10,4,linear,"{'C': 10, 'gamma': 4, 'kernel': 'linear'}",0.9832411151706791,0.9832415846161903,0.9741900870367646,0.991549198841276,0.9957605745185628,0.9855965120366946,0.007482549768094643,22
144,0.0701746940612793,0.0071821872033581025,0.012995147705078125,0.0019772527072166503,10,2,rbf,"{'C': 10, 'gamma': 2, 'kernel': 'rbf'}",0.46344682867393205,0.480478477055771,0.48112304657392807,0.5369389514709526,0.5012485031778924,0.4926471613904952,0.025176525894477584,171
145,0.045885992050170896,0.012961591691327972,0.002605772018432617,0.0004056728267872976,10,2,poly,"{'C': 10, 'gamma': 2, 'kernel': 'poly'}",0.970567407276268,0.9579828866258241,0.9662737701735382,0.9745062164796832,0.9872349128910092,0.9713130386892643,0.00966794300675679,82
146,0.025507211685180664,0.0033049098854601765,0.007063674926757813,0.0009727742785235378,10,2,sigmoid,"{'C': 10, 'gamma': 2, 'kernel': 'sigmoid'}",0.2897734201604839,0.28734726054394955,0.28734726054394955,0.28734726054394955,0.2918447555883076,0.28873199147612805,0.0018180381396586732,187
147,0.013851261138916016,0.004377939924613193,0.002396678924560547,0.0003209467821618678,10,2,linear,"{'C': 10, 'gamma': 2, 'kernel': 'linear'}",0.9832411151706791,0.9832415846161903,0.9741900870367646,0.991549198841276,0.9957605745185628,0.9855965120366946,0.007482549768094643,22
148,0.0665597915649414,0.0020755789764563067,0.012311744689941406,0.0006082743337303173,10,1,rbf,"{'C': 10, 'gamma': 1, 'kernel': 'rbf'}",0.5866598090759264,0.6192002711287364,0.5944860605183132,0.6288560888041962,0.631764281561124,0.6121933022176593,0.01830450754994287,163
149,0.0446744441986084,0.013088583972090456,0.002300596237182617,8.990708664300435e-05,10,1,poly,"{'C': 10, 'gamma': 1, 'kernel': 'poly'}",0.970567407276268,0.9579828866258241,0.9662737701735382,0.9745062164796832,0.9872349128910092,0.9713130386892643,0.00966794300675679,82
150,0.019928932189941406,0.00012265517894707574,0.005736589431762695,0.00014285097422062553,10,1,sigmoid,"{'C': 10, 'gamma': 1, 'kernel': 'sigmoid'}",0.2897734201604839,0.28734726054394955,0.28734726054394955,0.28734726054394955,0.2918447555883076,0.28873199147612805,0.0018180381396586732,187
151,0.013363885879516601,0.004404385286505741,0.002349710464477539,0.0004311459592217437,10,1,linear,"{'C': 10, 'gamma': 1, 'kernel': 'linear'}",0.9832411151706791,0.9832415846161903,0.9741900870367646,0.991549198841276,0.9957605745185628,0.9855965120366946,0.007482549768094643,22
152,0.04149303436279297,0.003485902596477228,0.008370590209960938,0.0005577211094879227,10,0.1,rbf,"{'C': 10, 'gamma': 0.1, 'kernel': 'rbf'}",0.9828872156300829,0.9468835268380885,0.9442140412322884,0.9696102795624976,0.9522125664046883,0.9591615259335292,0.014795603422577746,131
153,0.04811606407165527,0.013518525539863201,0.002733755111694336,0.00043549142163468055,10,0.1,poly,"{'C': 10, 'gamma': 0.1, 'kernel': 'poly'}",0.970567407276268,0.9579828866258241,0.9662737701735382,0.9745062164796832,0.9872349128910092,0.9713130386892643,0.00966794300675679,82
154,0.02129020690917969,0.0015279723692816862,0.006281042098999023,0.0007562333151387308,10,0.1,sigmoid,"{'C': 10, 'gamma': 0.1, 'kernel': 'sigmoid'}",0.2897734201604839,0.28734726054394955,0.28734726054394955,0.28734726054394955,0.2918447555883076,0.28873199147612805,0.0018180381396586732,187
155,0.013677072525024415,0.004348156822536177,0.0024380207061767576,0.0003239160606786795,10,0.1,linear,"{'C': 10, 'gamma': 0.1, 'kernel': 'linear'}",0.9832411151706791,0.9832415846161903,0.9741900870367646,0.991549198841276,0.9957605745185628,0.9855965120366946,0.007482549768094643,22
156,0.010286617279052734,0.0004413221127449129,0.004026174545288086,0.00030087925926463736,10,0.01,rbf,"{'C': 10, 'gamma': 0.01, 'kernel': 'rbf'}",0.9743024969017358,0.9784359481643815,0.9619193524851648,0.9784157903600216,0.9783664604899326,0.9742880096802471,0.006385320958331765,73
157,0.05287423133850098,0.01568506458126973,0.0025968551635742188,0.000562982935694751,10,0.01,poly,"{'C': 10, 'gamma': 0.01, 'kernel': 'poly'}",0.970567407276268,0.9579828866258241,0.9662737701735382,0.9703617234165125,0.9872349128910092,0.9704841400766304,0.009535395762172664,120
158,0.020849084854125975,0.0002851915805567677,0.0060329437255859375,0.0004177828020897076,10,0.01,sigmoid,"{'C': 10, 'gamma': 0.01, 'kernel': 'sigmoid'}",0.2897734201604839,0.28734726054394955,0.28734726054394955,0.28734726054394955,0.2918447555883076,0.28873199147612805,0.0018180381396586732,187
159,0.015564393997192384,0.005406001649418134,0.0031484127044677734,0.000902810319767397,10,0.01,linear,"{'C': 10, 'gamma': 0.01, 'kernel': 'linear'}",0.9832411151706791,0.9832415846161903,0.9741900870367646,0.991549198841276,0.9957605745185628,0.9855965120366946,0.007482549768094643,22
160,0.007780027389526367,0.0005988957280933399,0.004438543319702148,0.0003655678409729404,10,0.001,rbf,"{'C': 10, 'gamma': 0.001, 'kernel': 'rbf'}",0.9740995756126273,0.9788944139555097,0.9561911831637712,0.9697771006870026,0.978158287837827,0.9714241122513476,0.008283325518878398,80
161,0.015275812149047852,0.0016613379311678077,0.0023673534393310546,5.028079953925036e-05,10,0.001,poly,"{'C': 10, 'gamma': 0.001, 'kernel': 'poly'}",0.9831095836721023,0.9624541267042646,0.9743487853826035,0.9742845840472157,0.9830652911817932,0.975452474197596,0.007591119046630035,71
162,0.048968505859375,0.0006412337144637528,0.011104345321655273,0.00033749013507023914,10,0.001,sigmoid,"{'C': 10, 'gamma': 0.001, 'kernel': 'sigmoid'}",0.2897734201604839,0.28734726054394955,0.28734726054394955,0.28734726054394955,0.2918447555883076,0.28873199147612805,0.0018180381396586732,187
163,0.013272857666015625,0.004237020298909333,0.002124166488647461,2.0778066319669672e-05,10,0.001,linear,"{'C': 10, 'gamma': 0.001, 'kernel': 'linear'}",0.9832411151706791,0.9832415846161903,0.9741900870367646,0.991549198841276,0.9957605745185628,0.9855965120366946,0.007482549768094643,22
164,0.009746122360229491,0.0005992164885203726,0.006488800048828125,0.00045315722031131806,10,0.0001,rbf,"{'C': 10, 'gamma': 0.0001, 'kernel': 'rbf'}",0.9375273414899171,0.9393350385328648,0.9166959984991394,0.9151828029077167,0.9554986041862121,0.93284795712317,0.015165580216334674,144
165,0.00893540382385254,0.0007725479451755365,0.004450607299804688,0.0002526319715208826,10,0.0001,poly,"{'C': 10, 'gamma': 0.0001, 'kernel': 'poly'}",0.905929880319618,0.9046685733223283,0.8923585793842781,0.880675135591253,0.9418959774736584,0.9051056292182272,0.020560819199715762,150
166,0.04465088844299316,0.0027324571167272674,0.011012506484985352,0.000502695618251124,10,0.0001,sigmoid,"{'C': 10, 'gamma': 0.0001, 'kernel': 'sigmoid'}",0.16312079041853397,0.1976059748320431,0.20229312063808577,0.2638057458829186,0.1617839861595437,0.19772192358622503,0.037085723988925616,250
167,0.01529555320739746,0.004781769848610626,0.002725028991699219,0.0007227482263467742,10,0.0001,linear,"{'C': 10, 'gamma': 0.0001, 'kernel': 'linear'}",0.9832411151706791,0.9832415846161903,0.9741900870367646,0.991549198841276,0.9957605745185628,0.9855965120366946,0.007482549768094643,22
168,0.06517000198364258,0.0007220793815654433,0.011975622177124024,0.00025663802009766795,12,4,rbf,"{'C': 12, 'gamma': 4, 'kernel': 'rbf'}",0.41900443419430766,0.40270030150355823,0.39734121967502106,0.4244066201771069,0.42180746372482464,0.41305200785496365,0.010908742342005496,179
169,0.04684910774230957,0.013865303804126993,0.002285623550415039,8.483301586789077e-05,12,4,poly,"{'C': 12, 'gamma': 4, 'kernel': 'poly'}",0.970567407276268,0.9579828866258241,0.9662737701735382,0.9745062164796832,0.9872349128910092,0.9713130386892643,0.00966794300675679,82
170,0.02256884574890137,0.0032335059561728365,0.0067653656005859375,0.0009216844008498049,12,4,sigmoid,"{'C': 12, 'gamma': 4, 'kernel': 'sigmoid'}",0.2897734201604839,0.28734726054394955,0.28734726054394955,0.28734726054394955,0.2918447555883076,0.28873199147612805,0.0018180381396586732,187
171,0.018951416015625,0.0070902696246983215,0.002860260009765625,0.0007343619110213998,12,4,linear,"{'C': 12, 'gamma': 4, 'kernel': 'linear'}",0.9832411151706791,0.9832415846161903,0.9741900870367646,0.991549198841276,0.9957605745185628,0.9855965120366946,0.007482549768094643,22
172,0.06921463012695313,0.004537305700705821,0.012170171737670899,0.0002086270520278151,12,2,rbf,"{'C': 12, 'gamma': 2, 'kernel': 'rbf'}",0.46344682867393205,0.480478477055771,0.48112304657392807,0.5369389514709526,0.5012485031778924,0.4926471613904952,0.025176525894477584,171
173,0.048341560363769534,0.015173780878145122,0.002647256851196289,0.00045067977382194657,12,2,poly,"{'C': 12, 'gamma': 2, 'kernel': 'poly'}",0.970567407276268,0.9579828866258241,0.9662737701735382,0.9745062164796832,0.9872349128910092,0.9713130386892643,0.00966794300675679,82
174,0.02157750129699707,0.0011073953543046685,0.005985450744628906,0.0003398432309424887,12,2,sigmoid,"{'C': 12, 'gamma': 2, 'kernel': 'sigmoid'}",0.2897734201604839,0.28734726054394955,0.28734726054394955,0.28734726054394955,0.2918447555883076,0.28873199147612805,0.0018180381396586732,187
175,0.016483211517333986,0.005588367993156838,0.0027871131896972656,0.0008017957617966261,12,2,linear,"{'C': 12, 'gamma': 2, 'kernel': 'linear'}",0.9832411151706791,0.9832415846161903,0.9741900870367646,0.991549198841276,0.9957605745185628,0.9855965120366946,0.007482549768094643,22
176,0.06554241180419922,0.0030457008253207654,0.01213850975036621,0.00030383121556092145,12,1,rbf,"{'C': 12, 'gamma': 1, 'kernel': 'rbf'}",0.5866598090759264,0.6192002711287364,0.5944860605183132,0.6288560888041962,0.631764281561124,0.6121933022176593,0.01830450754994287,163
177,0.04470109939575195,0.013251899392403269,0.002369976043701172,0.00017977074536893185,12,1,poly,"{'C': 12, 'gamma': 1, 'kernel': 'poly'}",0.970567407276268,0.9579828866258241,0.9662737701735382,0.9745062164796832,0.9872349128910092,0.9713130386892643,0.00966794300675679,82
178,0.02101125717163086,0.0011010991520586878,0.005965471267700195,0.0005536907957110703,12,1,sigmoid,"{'C': 12, 'gamma': 1, 'kernel': 'sigmoid'}",0.2897734201604839,0.28734726054394955,0.28734726054394955,0.28734726054394955,0.2918447555883076,0.28873199147612805,0.0018180381396586732,187
179,0.01497802734375,0.004734225363613999,0.0022287845611572267,0.00019282084860049184,12,1,linear,"{'C': 12, 'gamma': 1, 'kernel': 'linear'}",0.9832411151706791,0.9832415846161903,0.9741900870367646,0.991549198841276,0.9957605745185628,0.9855965120366946,0.007482549768094643,22
180,0.043485069274902345,0.006024488474839754,0.008398056030273438,0.0019689899823836774,12,0.1,rbf,"{'C': 12, 'gamma': 0.1, 'kernel': 'rbf'}",0.9828872156300829,0.9468835268380885,0.9442140412322884,0.9696102795624976,0.9522125664046883,0.9591615259335292,0.014795603422577746,131
181,0.045875167846679686,0.01322158640883859,0.002459812164306641,0.00022157968581648698,12,0.1,poly,"{'C': 12, 'gamma': 0.1, 'kernel': 'poly'}",0.970567407276268,0.9579828866258241,0.9662737701735382,0.9745062164796832,0.9872349128910092,0.9713130386892643,0.00966794300675679,82
182,0.020237302780151366,0.0003091022574785488,0.005628538131713867,0.00011241160669524866,12,0.1,sigmoid,"{'C': 12, 'gamma': 0.1, 'kernel': 'sigmoid'}",0.2897734201604839,0.28734726054394955,0.28734726054394955,0.28734726054394955,0.2918447555883076,0.28873199147612805,0.0018180381396586732,187
183,0.016042327880859374,0.005643259654200095,0.002347421646118164,0.0002752889321797907,12,0.1,linear,"{'C': 12, 'gamma': 0.1, 'kernel': 'linear'}",0.9832411151706791,0.9832415846161903,0.9741900870367646,0.991549198841276,0.9957605745185628,0.9855965120366946,0.007482549768094643,22
184,0.01034388542175293,0.00023822240388032093,0.004016733169555664,0.00019055970016635846,12,0.01,rbf,"{'C': 12, 'gamma': 0.01, 'kernel': 'rbf'}",0.9743024969017358,0.9784359481643815,0.9619193524851648,0.9784157903600216,0.9783664604899326,0.9742880096802471,0.006385320958331765,73
185,0.0502286434173584,0.014139405915329096,0.0024045467376708984,0.0002001202442751195,12,0.01,poly,"{'C': 12, 'gamma': 0.01, 'kernel': 'poly'}",0.970567407276268,0.9579828866258241,0.9662737701735382,0.9703617234165125,0.9872349128910092,0.9704841400766304,0.009535395762172664,120
186,0.02290520668029785,0.002133372172105366,0.006320571899414063,0.0005719566324542942,12,0.01,sigmoid,"{'C': 12, 'gamma': 0.01, 'kernel': 'sigmoid'}",0.2897734201604839,0.28734726054394955,0.28734726054394955,0.28734726054394955,0.2918447555883076,0.28873199147612805,0.0018180381396586732,187
187,0.016095542907714845,0.004981299215516527,0.0023839473724365234,0.0001944668561321105,12,0.01,linear,"{'C': 12, 'gamma': 0.01, 'kernel': 'linear'}",0.9832411151706791,0.9832415846161903,0.9741900870367646,0.991549198841276,0.9957605745185628,0.9855965120366946,0.007482549768094643,22
188,0.007039356231689453,0.00033470610778946387,0.00391693115234375,0.0002256987889229405,12,0.001,rbf,"{'C': 12, 'gamma': 0.001, 'kernel': 'rbf'}",0.9699500800160061,0.9788944139555097,0.9561911831637712,0.9739136100104129,0.978158287837827,0.9714215149967054,0.008265191992475829,81
189,0.015311527252197265,0.002496678877131464,0.0024735450744628905,0.0003067331659684237,12,0.001,poly,"{'C': 12, 'gamma': 0.001, 'kernel': 'poly'}",0.9831095836721023,0.9624541267042646,0.9743487853826035,0.9742845840472157,0.9830652911817932,0.975452474197596,0.007591119046630035,71
190,0.04928584098815918,0.000734124254131795,0.011436176300048829,0.0006339333187295922,12,0.001,sigmoid,"{'C': 12, 'gamma': 0.001, 'kernel': 'sigmoid'}",0.2897734201604839,0.28734726054394955,0.28734726054394955,0.28734726054394955,0.2918447555883076,0.28873199147612805,0.0018180381396586732,187
191,0.015050601959228516,0.004686064235618246,0.002311992645263672,0.00039893028233282864,12,0.001,linear,"{'C': 12, 'gamma': 0.001, 'kernel': 'linear'}",0.9832411151706791,0.9832415846161903,0.9741900870367646,0.991549198841276,0.9957605745185628,0.9855965120366946,0.007482549768094643,22
192,0.009606027603149414,0.0004585458510261191,0.005687570571899414,0.0001056252536072641,12,0.0001,rbf,"{'C': 12, 'gamma': 0.0001, 'kernel': 'rbf'}",0.9375273414899171,0.9393350385328648,0.9264523622182665,0.9234067594336962,0.9649145968687345,0.9383272197086958,0.014643609551153824,143
193,0.008056020736694336,0.00035138371226436124,0.003959560394287109,0.0002657503620729289,12,0.0001,poly,"{'C': 12, 'gamma': 0.0001, 'kernel': 'poly'}",0.9156581364337159,0.9084333987855516,0.9038683269918136,0.8994725615999143,0.9507645444974104,0.9156393936616812,0.01836097712072471,149
194,0.042285919189453125,0.0007571634908789952,0.010988569259643555,0.0005130290431109392,12,0.0001,sigmoid,"{'C': 12, 'gamma': 0.0001, 'kernel': 'sigmoid'}",0.16312079041853397,0.1976059748320431,0.19946213021452244,0.2638057458829186,0.1617839861595437,0.19715572550151236,0.037033185642556955,251
195,0.015770816802978517,0.0048482627837714695,0.002615547180175781,0.00039747074735887544,12,0.0001,linear,"{'C': 12, 'gamma': 0.0001, 'kernel': 'linear'}",0.9832411151706791,0.9832415846161903,0.9741900870367646,0.991549198841276,0.9957605745185628,0.9855965120366946,0.007482549768094643,22
196,0.06640324592590333,0.004620864037806667,0.012000083923339844,0.0007416482873387628,14,4,rbf,"{'C': 14, 'gamma': 4, 'kernel': 'rbf'}",0.41900443419430766,0.40270030150355823,0.39734121967502106,0.4244066201771069,0.42180746372482464,0.41305200785496365,0.010908742342005496,179
197,0.05143570899963379,0.021725828793120718,0.0026321887969970705,0.00038731505517176587,14,4,poly,"{'C': 14, 'gamma': 4, 'kernel': 'poly'}",0.970567407276268,0.9579828866258241,0.9662737701735382,0.9745062164796832,0.9872349128910092,0.9713130386892643,0.00966794300675679,82
198,0.020722675323486327,0.000768012634920145,0.00607147216796875,0.0006506803148954182,14,4,sigmoid,"{'C': 14, 'gamma': 4, 'kernel': 'sigmoid'}",0.2897734201604839,0.28734726054394955,0.28734726054394955,0.28734726054394955,0.2918447555883076,0.28873199147612805,0.0018180381396586732,187
199,0.016025590896606445,0.005161864025090267,0.002454328536987305,0.0005384019938941345,14,4,linear,"{'C': 14, 'gamma': 4, 'kernel': 'linear'}",0.9832411151706791,0.9832415846161903,0.9741900870367646,0.991549198841276,0.9957605745185628,0.9855965120366946,0.007482549768094643,22
200,0.07380352020263672,0.005869691114835893,0.015114116668701171,0.002596620128956181,14,2,rbf,"{'C': 14, 'gamma': 2, 'kernel': 'rbf'}",0.46344682867393205,0.480478477055771,0.48112304657392807,0.5369389514709526,0.5012485031778924,0.4926471613904952,0.025176525894477584,171
201,0.051386785507202146,0.014089195856727651,0.003506326675415039,0.000843288686133153,14,2,poly,"{'C': 14, 'gamma': 2, 'kernel': 'poly'}",0.970567407276268,0.9579828866258241,0.9662737701735382,0.9745062164796832,0.9872349128910092,0.9713130386892643,0.00966794300675679,82
202,0.022185230255126955,0.0034321712637286114,0.005893278121948242,0.0002730024701056121,14,2,sigmoid,"{'C': 14, 'gamma': 2, 'kernel': 'sigmoid'}",0.2897734201604839,0.28734726054394955,0.28734726054394955,0.28734726054394955,0.2918447555883076,0.28873199147612805,0.0018180381396586732,187
203,0.015028429031372071,0.006108574825706867,0.002179384231567383,0.0001536303168920175,14,2,linear,"{'C': 14, 'gamma': 2, 'kernel': 'linear'}",0.9832411151706791,0.9832415846161903,0.9741900870367646,0.991549198841276,0.9957605745185628,0.9855965120366946,0.007482549768094643,22
204,0.06455230712890625,0.0012797077467172114,0.012334728240966797,0.0004799372653605985,14,1,rbf,"{'C': 14, 'gamma': 1, 'kernel': 'rbf'}",0.5866598090759264,0.6192002711287364,0.5944860605183132,0.6288560888041962,0.631764281561124,0.6121933022176593,0.01830450754994287,163
205,0.04609923362731934,0.012724626622381935,0.002376556396484375,0.00013746471795107493,14,1,poly,"{'C': 14, 'gamma': 1, 'kernel': 'poly'}",0.970567407276268,0.9579828866258241,0.9662737701735382,0.9745062164796832,0.9872349128910092,0.9713130386892643,0.00966794300675679,82
206,0.020418310165405275,0.00017776599257460376,0.005792140960693359,0.00015435882420927253,14,1,sigmoid,"{'C': 14, 'gamma': 1, 'kernel': 'sigmoid'}",0.2897734201604839,0.28734726054394955,0.28734726054394955,0.28734726054394955,0.2918447555883076,0.28873199147612805,0.0018180381396586732,187
207,0.015378141403198242,0.005935615847909061,0.002452182769775391,0.0004111792390565322,14,1,linear,"{'C': 14, 'gamma': 1, 'kernel': 'linear'}",0.9832411151706791,0.9832415846161903,0.9741900870367646,0.991549198841276,0.9957605745185628,0.9855965120366946,0.007482549768094643,22
208,0.03893556594848633,0.0018616072378332589,0.007458114624023437,0.00018040361138329015,14,0.1,rbf,"{'C': 14, 'gamma': 0.1, 'kernel': 'rbf'}",0.9828872156300829,0.9468835268380885,0.9442140412322884,0.9696102795624976,0.9522125664046883,0.9591615259335292,0.014795603422577746,131
209,0.04537954330444336,0.012995852513776461,0.0024194240570068358,0.00021400993513703509,14,0.1,poly,"{'C': 14, 'gamma': 0.1, 'kernel': 'poly'}",0.970567407276268,0.9579828866258241,0.9662737701735382,0.9745062164796832,0.9872349128910092,0.9713130386892643,0.00966794300675679,82
210,0.02007637023925781,0.00015942703645192125,0.005811119079589843,0.0002659036825704736,14,0.1,sigmoid,"{'C': 14, 'gamma': 0.1, 'kernel': 'sigmoid'}",0.2897734201604839,0.28734726054394955,0.28734726054394955,0.28734726054394955,0.2918447555883076,0.28873199147612805,0.0018180381396586732,187
211,0.014874839782714843,0.005698101768214295,0.002221822738647461,0.00021736061041466558,14,0.1,linear,"{'C': 14, 'gamma': 0.1, 'kernel': 'linear'}",0.9832411151706791,0.9832415846161903,0.9741900870367646,0.991549198841276,0.9957605745185628,0.9855965120366946,0.007482549768094643,22
212,0.010457944869995118,0.0002891074110902947,0.00399622917175293,0.0002042058456449366,14,0.01,rbf,"{'C': 14, 'gamma': 0.01, 'kernel': 'rbf'}",0.9785278894268381,0.9784359481643815,0.9660235732903245,0.9784157903600216,0.9783664604899326,0.9759539323462996,0.0049654551750629656,68
213,0.04689898490905762,0.013513078880717386,0.002270078659057617,5.802455809005515e-05,14,0.01,poly,"{'C': 14, 'gamma': 0.01, 'kernel': 'poly'}",0.970567407276268,0.9579828866258241,0.9662737701735382,0.9703617234165125,0.9872349128910092,0.9704841400766304,0.009535395762172664,120
214,0.02041654586791992,0.00039168796811773343,0.005727577209472656,0.00021911595649691182,14,0.01,sigmoid,"{'C': 14, 'gamma': 0.01, 'kernel': 'sigmoid'}",0.2897734201604839,0.28734726054394955,0.28734726054394955,0.28734726054394955,0.2918447555883076,0.28873199147612805,0.0018180381396586732,187
215,0.014966201782226563,0.006025698259151607,0.002273845672607422,0.00019209942265710996,14,0.01,linear,"{'C': 14, 'gamma': 0.01, 'kernel': 'linear'}",0.9832411151706791,0.9832415846161903,0.9741900870367646,0.991549198841276,0.9957605745185628,0.9855965120366946,0.007482549768094643,22
216,0.007052898406982422,0.0004680082254502591,0.003718280792236328,0.00024162565452014222,14,0.001,rbf,"{'C': 14, 'gamma': 0.001, 'kernel': 'rbf'}",0.9828909477128855,0.9788944139555097,0.9561911831637712,0.9739136100104129,0.978158287837827,0.9740096885360814,0.009353678933354127,75
217,0.015304946899414062,0.0017418358868906319,0.002673482894897461,0.0005828622782375927,14,0.001,poly,"{'C': 14, 'gamma': 0.001, 'kernel': 'poly'}",0.9788922673503556,0.9624541267042646,0.9702107239868225,0.9742845840472157,0.9830652911817932,0.9737813986540903,0.007122101406762393,76
218,0.05352911949157715,0.008078527302094348,0.012534284591674804,0.002433845267186364,14,0.001,sigmoid,"{'C': 14, 'gamma': 0.001, 'kernel': 'sigmoid'}",0.2897734201604839,0.28734726054394955,0.28734726054394955,0.28734726054394955,0.2918447555883076,0.28873199147612805,0.0018180381396586732,187
219,0.01586322784423828,0.006043195278445981,0.0022592067718505858,9.721391774690479e-05,14,0.001,linear,"{'C': 14, 'gamma': 0.001, 'kernel': 'linear'}",0.9832411151706791,0.9832415846161903,0.9741900870367646,0.991549198841276,0.9957605745185628,0.9855965120366946,0.007482549768094643,22
220,0.010604381561279297,0.0006388089545208562,0.006288766860961914,0.0005687629192500856,14,0.0001,rbf,"{'C': 14, 'gamma': 0.0001, 'kernel': 'rbf'}",0.9465334499138515,0.9433268780439134,0.9315660350769309,0.9234067594336962,0.9649145968687345,0.9419495438674254,0.014155952901780539,142
221,0.010943078994750976,0.0021659631465995783,0.005332231521606445,0.001254236344135943,14,0.0001,poly,"{'C': 14, 'gamma': 0.0001, 'kernel': 'poly'}",0.9156581364337159,0.9134380404730078,0.9094324985243275,0.8994725615999143,0.9557083531659802,0.9187419180393892,0.01929834988540762,147
222,0.040520238876342776,0.0005670552898485236,0.01061997413635254,0.00017860582321139478,14,0.0001,sigmoid,"{'C': 14, 'gamma': 0.0001, 'kernel': 'sigmoid'}",0.16028494712039015,0.1976059748320431,0.19946213021452244,0.2638057458829186,0.16809190251221573,0.197850140112418,0.03646778438821176,249
223,0.014940929412841798,0.005667395974635336,0.0021630287170410155,1.489122059177039e-05,14,0.0001,linear,"{'C': 14, 'gamma': 0.0001, 'kernel': 'linear'}",0.9832411151706791,0.9832415846161903,0.9741900870367646,0.991549198841276,0.9957605745185628,0.9855965120366946,0.007482549768094643,22
224,0.06587653160095215,0.002174414554914993,0.012472105026245118,0.0010986532848490508,15,4,rbf,"{'C': 15, 'gamma': 4, 'kernel': 'rbf'}",0.41900443419430766,0.40270030150355823,0.39734121967502106,0.4244066201771069,0.42180746372482464,0.41305200785496365,0.010908742342005496,179
225,0.047107267379760745,0.013651356068153637,0.0026957511901855467,0.000572832029774435,15,4,poly,"{'C': 15, 'gamma': 4, 'kernel': 'poly'}",0.970567407276268,0.9579828866258241,0.9662737701735382,0.9745062164796832,0.9872349128910092,0.9713130386892643,0.00966794300675679,82
226,0.022687816619873048,0.0030967133347864916,0.0057963371276855465,0.00013900229282292516,15,4,sigmoid,"{'C': 15, 'gamma': 4, 'kernel': 'sigmoid'}",0.2897734201604839,0.28734726054394955,0.28734726054394955,0.28734726054394955,0.2918447555883076,0.28873199147612805,0.0018180381396586732,187
227,0.016754341125488282,0.00941350331719325,0.0021704673767089845,5.519883914386256e-05,15,4,linear,"{'C': 15, 'gamma': 4, 'kernel': 'linear'}",0.9832411151706791,0.9832415846161903,0.9741900870367646,0.991549198841276,0.9957605745185628,0.9855965120366946,0.007482549768094643,22
228,0.06880002021789551,0.0033914677123526144,0.012986230850219726,0.0010065771557614344,15,2,rbf,"{'C': 15, 'gamma': 2, 'kernel': 'rbf'}",0.46344682867393205,0.480478477055771,0.48112304657392807,0.5369389514709526,0.5012485031778924,0.4926471613904952,0.025176525894477584,171
229,0.05182104110717774,0.015567355438478685,0.002783060073852539,0.00037672287239717773,15,2,poly,"{'C': 15, 'gamma': 2, 'kernel': 'poly'}",0.970567407276268,0.9579828866258241,0.9662737701735382,0.9745062164796832,0.9872349128910092,0.9713130386892643,0.00966794300675679,82
230,0.02123875617980957,0.0008709149769915798,0.005994749069213867,0.00024494495925865057,15,2,sigmoid,"{'C': 15, 'gamma': 2, 'kernel': 'sigmoid'}",0.2897734201604839,0.28734726054394955,0.28734726054394955,0.28734726054394955,0.2918447555883076,0.28873199147612805,0.0018180381396586732,187
231,0.016716766357421874,0.009716297233098888,0.0023512840270996094,0.00024132789347175825,15,2,linear,"{'C': 15, 'gamma': 2, 'kernel': 'linear'}",0.9832411151706791,0.9832415846161903,0.9741900870367646,0.991549198841276,0.9957605745185628,0.9855965120366946,0.007482549768094643,22
232,0.06466784477233886,0.001369743721192998,0.012513256072998047,0.0017611516317932161,15,1,rbf,"{'C': 15, 'gamma': 1, 'kernel': 'rbf'}",0.5866598090759264,0.6192002711287364,0.5944860605183132,0.6288560888041962,0.631764281561124,0.6121933022176593,0.01830450754994287,163
233,0.047075510025024414,0.011687624520393397,0.002342891693115234,0.0001121488557722715,15,1,poly,"{'C': 15, 'gamma': 1, 'kernel': 'poly'}",0.970567407276268,0.9579828866258241,0.9662737701735382,0.9745062164796832,0.9872349128910092,0.9713130386892643,0.00966794300675679,82
234,0.025698518753051756,0.004625920115755647,0.007723712921142578,0.0020242109654735672,15,1,sigmoid,"{'C': 15, 'gamma': 1, 'kernel': 'sigmoid'}",0.2897734201604839,0.28734726054394955,0.28734726054394955,0.28734726054394955,0.2918447555883076,0.28873199147612805,0.0018180381396586732,187
235,0.017065000534057618,0.009362092851487936,0.002374696731567383,0.0003393676017232051,15,1,linear,"{'C': 15, 'gamma': 1, 'kernel': 'linear'}",0.9832411151706791,0.9832415846161903,0.9741900870367646,0.991549198841276,0.9957605745185628,0.9855965120366946,0.007482549768094643,22
236,0.039007711410522464,0.0020490017571646742,0.007535028457641602,0.00024366413310524803,15,0.1,rbf,"{'C': 15, 'gamma': 0.1, 'kernel': 'rbf'}",0.9828872156300829,0.9468835268380885,0.9442140412322884,0.9696102795624976,0.9522125664046883,0.9591615259335292,0.014795603422577746,131
237,0.045526742935180664,0.013180498110109564,0.0024899005889892577,0.00024526941411368036,15,0.1,poly,"{'C': 15, 'gamma': 0.1, 'kernel': 'poly'}",0.970567407276268,0.9579828866258241,0.9662737701735382,0.9745062164796832,0.9872349128910092,0.9713130386892643,0.00966794300675679,82
238,0.020275402069091796,0.0004889886219350708,0.005878019332885742,0.00030182968749135333,15,0.1,sigmoid,"{'C': 15, 'gamma': 0.1, 'kernel': 'sigmoid'}",0.2897734201604839,0.28734726054394955,0.28734726054394955,0.28734726054394955,0.2918447555883076,0.28873199147612805,0.0018180381396586732,187
239,0.01666393280029297,0.009679893792162683,0.00216217041015625,3.4160116139867395e-05,15,0.1,linear,"{'C': 15, 'gamma': 0.1, 'kernel': 'linear'}",0.9832411151706791,0.9832415846161903,0.9741900870367646,0.991549198841276,0.9957605745185628,0.9855965120366946,0.007482549768094643,22
240,0.010981225967407226,0.0007606053799230567,0.004146003723144531,0.00019987217489378072,15,0.01,rbf,"{'C': 15, 'gamma': 0.01, 'kernel': 'rbf'}",0.9785278894268381,0.9784359481643815,0.9660235732903245,0.9784157903600216,0.9783664604899326,0.9759539323462996,0.0049654551750629656,68
241,0.05493950843811035,0.013966444151933086,0.002952384948730469,0.0009522802582794354,15,0.01,poly,"{'C': 15, 'gamma': 0.01, 'kernel': 'poly'}",0.970567407276268,0.9579828866258241,0.9662737701735382,0.9703617234165125,0.9872349128910092,0.9704841400766304,0.009535395762172664,120
242,0.021963214874267577,0.001135463806953714,0.0062123298645019535,0.0008593544871638145,15,0.01,sigmoid,"{'C': 15, 'gamma': 0.01, 'kernel': 'sigmoid'}",0.2897734201604839,0.28734726054394955,0.28734726054394955,0.28734726054394955,0.2918447555883076,0.28873199147612805,0.0018180381396586732,187
243,0.01672496795654297,0.009723310230568358,0.00220341682434082,5.4741113443013904e-05,15,0.01,linear,"{'C': 15, 'gamma': 0.01, 'kernel': 'linear'}",0.9832411151706791,0.9832415846161903,0.9741900870367646,0.991549198841276,0.9957605745185628,0.9855965120366946,0.007482549768094643,22
244,0.006838846206665039,0.00018505118159098743,0.0036828041076660155,0.0001386766251097601,15,0.001,rbf,"{'C': 15, 'gamma': 0.001, 'kernel': 'rbf'}",0.9786796068355931,0.9788944139555097,0.9561911831637712,0.9739136100104129,0.978158287837827,0.9731674203606229,0.008681484226823868,77
245,0.014904928207397462,0.0021050054060930464,0.002498769760131836,0.00024232457160155358,15,0.001,poly,"{'C': 15, 'gamma': 0.001, 'kernel': 'poly'}",0.9747177166480964,0.9624541267042646,0.9702107239868225,0.9742845840472157,0.9830652911817932,0.9729464885136385,0.006706593473341331,78
246,0.054729795455932616,0.007751274858363133,0.012932109832763671,0.0023721228149672347,15,0.001,sigmoid,"{'C': 15, 'gamma': 0.001, 'kernel': 'sigmoid'}",0.2897734201604839,0.28734726054394955,0.28734726054394955,0.28734726054394955,0.2918447555883076,0.28873199147612805,0.0018180381396586732,187
247,0.017664670944213867,0.008965021486920943,0.0023329734802246095,0.00016728079565323103,15,0.001,linear,"{'C': 15, 'gamma': 0.001, 'kernel': 'linear'}",0.9832411151706791,0.9832415846161903,0.9741900870367646,0.991549198841276,0.9957605745185628,0.9855965120366946,0.007482549768094643,22
248,0.009702062606811524,0.00043466416984355054,0.005620718002319336,0.0001136065905391024,15,0.0001,rbf,"{'C': 15, 'gamma': 0.0001, 'kernel': 'rbf'}",0.9465334499138515,0.9433268780439134,0.9315660350769309,0.9285275490907526,0.960178693620734,0.9420265211492366,0.011341505331149545,141
249,0.008502674102783204,0.0004971501421566313,0.003968429565429687,0.0002336165053525945,15,0.0001,poly,"{'C': 15, 'gamma': 0.0001, 'kernel': 'poly'}",0.9212791024359159,0.9134380404730078,0.9094324985243275,0.8994725615999143,0.9603355990607281,0.9207915604187787,0.02098366480235531,146
250,0.04004149436950684,0.0005879475909448879,0.010767889022827149,0.0001385845312005661,15,0.0001,sigmoid,"{'C': 15, 'gamma': 0.0001, 'kernel': 'sigmoid'}",0.16028494712039015,0.19496402262168566,0.19946213021452244,0.2612300701690894,0.16809190251221573,0.1968066145275807,0.0355505145437179,252
251,0.01710677146911621,0.010490262946161042,0.0024474620819091796,0.00044437658490323914,15,0.0001,linear,"{'C': 15, 'gamma': 0.0001, 'kernel': 'linear'}",0.9832411151706791,0.9832415846161903,0.9741900870367646,0.991549198841276,0.9957605745185628,0.9855965120366946,0.007482549768094643,22
