,mean_fit_time,std_fit_time,mean_score_time,std_score_time,param_learning_rate,param_n_estimators,param_objective,param_reg_alpha,param_reg_lambda,params,split0_test_score,split1_test_score,split2_test_score,split3_test_score,split4_test_score,mean_test_score,std_test_score,rank_test_score
0,1.4096477031707764,1.612896965237779,0.017012882232666015,0.014325099552419025,0.05,100,multi:softmax,0.1,0.1,"{'learning_rate': 0.05, 'n_estimators': 100, 'objective': 'multi:softmax', 'reg_alpha': 0.1, 'reg_lambda': 0.1}",0.983306184221167,0.9790519760988048,0.9831322074325622,0.9915254237288136,0.9957557038014782,0.9865542990565652,0.006130640107138686,135
1,0.17473845481872557,0.05466860248047441,0.003284788131713867,0.0005874142146283478,0.05,100,multi:softmax,0.1,1,"{'learning_rate': 0.05, 'n_estimators': 100, 'objective': 'multi:softmax', 'reg_alpha': 0.1, 'reg_lambda': 1}",0.983306184221167,0.9790519760988048,0.9873725998085477,0.9915254237288136,0.9957557038014782,0.9874023775317623,0.005887044422347235,92
2,0.14552950859069824,0.006983813631423953,0.0029975414276123048,3.3316076846834896e-05,0.05,100,multi:softmax,0.1,1.2,"{'learning_rate': 0.05, 'n_estimators': 100, 'objective': 'multi:softmax', 'reg_alpha': 0.1, 'reg_lambda': 1.2}",0.983306184221167,0.9790519760988048,0.9873725998085477,0.9915254237288136,0.9957557038014782,0.9874023775317623,0.005887044422347235,92
3,0.14207124710083008,0.0031962850953843394,0.002994537353515625,1.4507922365307857e-05,0.05,100,multi:softmax,0.1,1.4,"{'learning_rate': 0.05, 'n_estimators': 100, 'objective': 'multi:softmax', 'reg_alpha': 0.1, 'reg_lambda': 1.4}",0.983306184221167,0.9790519760988048,0.9831322074325622,0.9915254237288136,0.9957557038014782,0.9865542990565652,0.006130640107138686,135
4,0.15868101119995118,0.02146345792734812,0.0034942150115966795,0.00048031943042781583,0.05,100,multi:softmax,0.1,2,"{'learning_rate': 0.05, 'n_estimators': 100, 'objective': 'multi:softmax', 'reg_alpha': 0.1, 'reg_lambda': 2}",0.983306184221167,0.9790519760988048,0.9831322074325622,0.9915254237288136,0.9957557038014782,0.9865542990565652,0.006130640107138686,135
5,0.189857816696167,0.035853334731565045,0.0038411617279052734,0.0007784966610718462,0.05,100,multi:softmax,1,0.1,"{'learning_rate': 0.05, 'n_estimators': 100, 'objective': 'multi:softmax', 'reg_alpha': 1, 'reg_lambda': 0.1}",0.9790934070968077,0.9790519760988048,0.9916077861147087,0.9915254237288136,0.9957557038014782,0.9874068593681227,0.006974684572180534,90
6,0.22017321586608887,0.03981261670995127,0.011204147338867187,0.014422058445049821,0.05,100,multi:softmax,1,1,"{'learning_rate': 0.05, 'n_estimators': 100, 'objective': 'multi:softmax', 'reg_alpha': 1, 'reg_lambda': 1}",0.9790934070968077,0.9832803177768282,0.9831322074325622,0.9915254237288136,0.9957557038014782,0.986557411967298,0.0061232745271462465,127
7,0.16450233459472657,0.012310910605543365,0.003145122528076172,0.0001527617328510512,0.05,100,multi:softmax,1,1.2,"{'learning_rate': 0.05, 'n_estimators': 100, 'objective': 'multi:softmax', 'reg_alpha': 1, 'reg_lambda': 1.2}",0.9790934070968077,0.9832803177768282,0.9831322074325622,0.9915254237288136,0.9957557038014782,0.986557411967298,0.0061232745271462465,127
8,0.637854528427124,0.5670494849979762,0.0041579723358154295,0.000963896604226791,0.05,100,multi:softmax,1,1.4,"{'learning_rate': 0.05, 'n_estimators': 100, 'objective': 'multi:softmax', 'reg_alpha': 1, 'reg_lambda': 1.4}",0.9790934070968077,0.9832803177768282,0.9831322074325622,0.9915254237288136,0.9957557038014782,0.986557411967298,0.0061232745271462465,127
9,2.397708368301392,1.5760091826560843,0.011179113388061523,0.013232126425938778,0.05,100,multi:softmax,1,2,"{'learning_rate': 0.05, 'n_estimators': 100, 'objective': 'multi:softmax', 'reg_alpha': 1, 'reg_lambda': 2}",0.9790934070968077,0.9832803177768282,0.9831322074325622,0.9915254237288136,0.9957557038014782,0.986557411967298,0.0061232745271462465,127
10,1.269331693649292,1.4102664290328157,0.011916303634643554,0.013392815414419904,0.05,100,multi:softmax,1.2,0.1,"{'learning_rate': 0.05, 'n_estimators': 100, 'objective': 'multi:softmax', 'reg_alpha': 1.2, 'reg_lambda': 0.1}",0.9790934070968077,0.9832803177768282,0.9873725998085477,0.9915254237288136,0.9957557038014782,0.987405490442495,0.005878924634408481,91
11,0.143281888961792,0.012029996739759389,0.0031495094299316406,0.00014470676159753935,0.05,100,multi:softmax,1.2,1,"{'learning_rate': 0.05, 'n_estimators': 100, 'objective': 'multi:softmax', 'reg_alpha': 1.2, 'reg_lambda': 1}",0.9790934070968077,0.9832803177768282,0.9831322074325622,0.9915254237288136,0.9957557038014782,0.986557411967298,0.0061232745271462465,127
12,0.14711465835571289,0.007647149751860706,0.003356647491455078,0.00045550652674192693,0.05,100,multi:softmax,1.2,1.2,"{'learning_rate': 0.05, 'n_estimators': 100, 'objective': 'multi:softmax', 'reg_alpha': 1.2, 'reg_lambda': 1.2}",0.9790934070968077,0.9832803177768282,0.9831322074325622,0.9915254237288136,0.9957557038014782,0.986557411967298,0.0061232745271462465,127
13,0.20940785408020018,0.040710789771244926,0.003106212615966797,0.00016165880992809862,0.05,100,multi:softmax,1.2,1.4,"{'learning_rate': 0.05, 'n_estimators': 100, 'objective': 'multi:softmax', 'reg_alpha': 1.2, 'reg_lambda': 1.4}",0.9790934070968077,0.9832803177768282,0.9831322074325622,0.9915254237288136,0.9957557038014782,0.986557411967298,0.0061232745271462465,127
14,0.2996629238128662,0.12507211488643324,0.0037809371948242187,0.0006321803496510186,0.05,100,multi:softmax,1.2,2,"{'learning_rate': 0.05, 'n_estimators': 100, 'objective': 'multi:softmax', 'reg_alpha': 1.2, 'reg_lambda': 2}",0.9790934070968077,0.9832803177768282,0.9831322074325622,0.9915254237288136,0.9957557038014782,0.986557411967298,0.0061232745271462465,127
15,0.26567063331604,0.09200004078647332,0.003179025650024414,0.00016104502808598906,0.05,100,multi:softmax,2,0.1,"{'learning_rate': 0.05, 'n_estimators': 100, 'objective': 'multi:softmax', 'reg_alpha': 2, 'reg_lambda': 0.1}",0.9790934070968077,0.9788980983317329,0.9831322074325622,0.9915254237288136,0.9957557038014782,0.9856809680782789,0.006805254209149554,156
16,0.216095495223999,0.08379757262076008,0.0032425880432128905,0.0002742643894049369,0.05,100,multi:softmax,2,1,"{'learning_rate': 0.05, 'n_estimators': 100, 'objective': 'multi:softmax', 'reg_alpha': 2, 'reg_lambda': 1}",0.9790934070968077,0.9788980983317329,0.9831322074325622,0.9915254237288136,0.9957557038014782,0.9856809680782789,0.006805254209149554,156
17,0.1417403221130371,0.012136716361631565,0.0039656639099121095,0.0012487098768736928,0.05,100,multi:softmax,2,1.2,"{'learning_rate': 0.05, 'n_estimators': 100, 'objective': 'multi:softmax', 'reg_alpha': 2, 'reg_lambda': 1.2}",0.9790934070968077,0.9788980983317329,0.9831322074325622,0.9915254237288136,0.9957557038014782,0.9856809680782789,0.006805254209149554,156
18,0.16009831428527832,0.01999905155051527,0.0031534671783447266,0.0003181455446947004,0.05,100,multi:softmax,2,1.4,"{'learning_rate': 0.05, 'n_estimators': 100, 'objective': 'multi:softmax', 'reg_alpha': 2, 'reg_lambda': 1.4}",0.9790934070968077,0.9788980983317329,0.9831322074325622,0.9915254237288136,0.9957557038014782,0.9856809680782789,0.006805254209149554,156
19,0.14472441673278807,0.004648110670338171,0.003983402252197265,0.0009820443688432696,0.05,100,multi:softmax,2,2,"{'learning_rate': 0.05, 'n_estimators': 100, 'objective': 'multi:softmax', 'reg_alpha': 2, 'reg_lambda': 2}",0.9790934070968077,0.9788980983317329,0.9831322074325622,0.9915254237288136,0.9957557038014782,0.9856809680782789,0.006805254209149554,156
20,1.2643399238586426,0.3182536835689155,0.0058248043060302734,0.0029619241883105676,0.05,1000,multi:softmax,0.1,0.1,"{'learning_rate': 0.05, 'n_estimators': 1000, 'objective': 'multi:softmax', 'reg_alpha': 0.1, 'reg_lambda': 0.1}",0.983306184221167,0.9790519760988048,0.9831322074325622,0.9915254237288136,0.9957557038014782,0.9865542990565652,0.006130640107138686,135
21,0.890821123123169,0.10814212246463498,0.010008001327514648,0.005509928993306877,0.05,1000,multi:softmax,0.1,1,"{'learning_rate': 0.05, 'n_estimators': 1000, 'objective': 'multi:softmax', 'reg_alpha': 0.1, 'reg_lambda': 1}",0.9873226172043355,0.9790519760988048,0.9831322074325622,0.9915254237288136,0.9957557038014782,0.9873575856531989,0.005911640324425872,116
22,1.150709581375122,0.18480029184936433,0.014814186096191406,0.010391878242821848,0.05,1000,multi:softmax,0.1,1.2,"{'learning_rate': 0.05, 'n_estimators': 1000, 'objective': 'multi:softmax', 'reg_alpha': 0.1, 'reg_lambda': 1.2}",0.9873226172043355,0.9790519760988048,0.9831322074325622,0.9915254237288136,0.9957557038014782,0.9873575856531989,0.005911640324425872,116
23,0.9004473209381103,0.09910875023863801,0.004572629928588867,0.0010981826534666513,0.05,1000,multi:softmax,0.1,1.4,"{'learning_rate': 0.05, 'n_estimators': 1000, 'objective': 'multi:softmax', 'reg_alpha': 0.1, 'reg_lambda': 1.4}",0.9873226172043355,0.9790519760988048,0.9831322074325622,0.9915254237288136,0.9957557038014782,0.9873575856531989,0.005911640324425872,116
24,2.5181854724884034,3.1701595716801383,0.005646800994873047,0.0023697201129471903,0.05,1000,multi:softmax,0.1,2,"{'learning_rate': 0.05, 'n_estimators': 1000, 'objective': 'multi:softmax', 'reg_alpha': 0.1, 'reg_lambda': 2}",0.9873226172043355,0.9790519760988048,0.9873725998085477,0.9915254237288136,0.9957557038014782,0.9882056641283959,0.0055369246959635935,79
25,0.900512981414795,0.33059447759987204,0.006184053421020508,0.002464663767412056,0.05,1000,multi:softmax,1,0.1,"{'learning_rate': 0.05, 'n_estimators': 1000, 'objective': 'multi:softmax', 'reg_alpha': 1, 'reg_lambda': 0.1}",0.9873226172043355,0.9790519760988048,0.9916077861147087,0.9915254237288136,0.9957557038014782,0.9890527013896282,0.005667111304412988,49
26,0.9661141395568847,0.1830256962100016,0.01570601463317871,0.015866254908504716,0.05,1000,multi:softmax,1,1,"{'learning_rate': 0.05, 'n_estimators': 1000, 'objective': 'multi:softmax', 'reg_alpha': 1, 'reg_lambda': 1}",0.9873226172043355,0.9832803177768282,0.9957799175378994,0.9915254237288136,0.9957557038014782,0.9907327960098709,0.004868265572094685,1
27,0.7308731555938721,0.06247816491537254,0.005373048782348633,0.003714934461325146,0.05,1000,multi:softmax,1,1.2,"{'learning_rate': 0.05, 'n_estimators': 1000, 'objective': 'multi:softmax', 'reg_alpha': 1, 'reg_lambda': 1.2}",0.9873226172043355,0.9832803177768282,0.9957799175378994,0.9915254237288136,0.9957557038014782,0.9907327960098709,0.004868265572094685,1
28,0.7795175552368164,0.20305139952521165,0.0038164138793945314,0.0006333106824197675,0.05,1000,multi:softmax,1,1.4,"{'learning_rate': 0.05, 'n_estimators': 1000, 'objective': 'multi:softmax', 'reg_alpha': 1, 'reg_lambda': 1.4}",0.9873226172043355,0.9832803177768282,0.9957799175378994,0.9915254237288136,0.9957557038014782,0.9907327960098709,0.004868265572094685,1
29,1.019100284576416,0.21884316632472903,0.004063463211059571,0.0008246325999303623,0.05,1000,multi:softmax,1,2,"{'learning_rate': 0.05, 'n_estimators': 1000, 'objective': 'multi:softmax', 'reg_alpha': 1, 'reg_lambda': 2}",0.9873226172043355,0.9832803177768282,0.9916077861147087,0.9915254237288136,0.9957557038014782,0.9898983697252328,0.004249961982056136,15
30,0.7057608604431153,0.09991982863549097,0.003969955444335938,0.0009009590016805823,0.05,1000,multi:softmax,1.2,0.1,"{'learning_rate': 0.05, 'n_estimators': 1000, 'objective': 'multi:softmax', 'reg_alpha': 1.2, 'reg_lambda': 0.1}",0.9873226172043355,0.9832803177768282,0.9916077861147087,0.9915254237288136,0.9957557038014782,0.9898983697252328,0.004249961982056136,15
31,0.7597285270690918,0.08919303141689665,0.003713512420654297,0.0004861378938616071,0.05,1000,multi:softmax,1.2,1,"{'learning_rate': 0.05, 'n_estimators': 1000, 'objective': 'multi:softmax', 'reg_alpha': 1.2, 'reg_lambda': 1}",0.9873226172043355,0.9832803177768282,0.9916077861147087,0.9915254237288136,0.9957557038014782,0.9898983697252328,0.004249961982056136,15
32,0.8513072967529297,0.10009265510122121,0.0038886070251464844,0.0005934423974042085,0.05,1000,multi:softmax,1.2,1.2,"{'learning_rate': 0.05, 'n_estimators': 1000, 'objective': 'multi:softmax', 'reg_alpha': 1.2, 'reg_lambda': 1.2}",0.9873226172043355,0.9832803177768282,0.9916077861147087,0.9915254237288136,0.9957557038014782,0.9898983697252328,0.004249961982056136,15
33,0.8746563911437988,0.10639790068707265,0.0037845611572265626,0.00044697273077305477,0.05,1000,multi:softmax,1.2,1.4,"{'learning_rate': 0.05, 'n_estimators': 1000, 'objective': 'multi:softmax', 'reg_alpha': 1.2, 'reg_lambda': 1.4}",0.9873226172043355,0.9832803177768282,0.9916077861147087,0.9915254237288136,0.9957557038014782,0.9898983697252328,0.004249961982056136,15
34,0.9678620338439942,0.20088657660243192,0.00452733039855957,0.001296777610233434,0.05,1000,multi:softmax,1.2,2,"{'learning_rate': 0.05, 'n_estimators': 1000, 'objective': 'multi:softmax', 'reg_alpha': 1.2, 'reg_lambda': 2}",0.9830964869766163,0.9832803177768282,0.9957799175378994,0.9915254237288136,0.9957557038014782,0.9898875699643271,0.005685277640142588,33
35,0.8716792106628418,0.14821149855650456,0.0049973011016845705,0.002580136858731807,0.05,1000,multi:softmax,2,0.1,"{'learning_rate': 0.05, 'n_estimators': 1000, 'objective': 'multi:softmax', 'reg_alpha': 2, 'reg_lambda': 0.1}",0.9748346570566755,0.9832803177768282,0.9873725998085477,0.9915254237288136,0.9957557038014782,0.9865537404344688,0.0071849357181925045,144
36,0.728330659866333,0.032821944847721024,0.0035062789916992187,3.673707705277292e-05,0.05,1000,multi:softmax,2,1,"{'learning_rate': 0.05, 'n_estimators': 1000, 'objective': 'multi:softmax', 'reg_alpha': 2, 'reg_lambda': 1}",0.9790468343224965,0.9832803177768282,0.9873725998085477,0.9915254237288136,0.9957557038014782,0.9873961758876328,0.0058921090123545605,95
37,0.7698608875274658,0.0696865088078129,0.004072237014770508,0.0006469494782031976,0.05,1000,multi:softmax,2,1.2,"{'learning_rate': 0.05, 'n_estimators': 1000, 'objective': 'multi:softmax', 'reg_alpha': 2, 'reg_lambda': 1.2}",0.9790468343224965,0.9832803177768282,0.9873725998085477,0.9915254237288136,0.9957557038014782,0.9873961758876328,0.0058921090123545605,95
38,0.7225020885467529,0.03426696610669601,0.005006313323974609,0.0013652355728934838,0.05,1000,multi:softmax,2,1.4,"{'learning_rate': 0.05, 'n_estimators': 1000, 'objective': 'multi:softmax', 'reg_alpha': 2, 'reg_lambda': 1.4}",0.9790468343224965,0.9832803177768282,0.9873725998085477,0.9915254237288136,0.9957557038014782,0.9873961758876328,0.0058921090123545605,95
39,1.0456653594970704,0.12699558234193964,0.006226110458374024,0.0032834618074741324,0.05,1000,multi:softmax,2,2,"{'learning_rate': 0.05, 'n_estimators': 1000, 'objective': 'multi:softmax', 'reg_alpha': 2, 'reg_lambda': 2}",0.9790468343224965,0.9832803177768282,0.9873725998085477,0.9915254237288136,0.9957557038014782,0.9873961758876328,0.0058921090123545605,95
40,0.5391273975372315,0.7134758780247924,0.01102275848388672,0.013156647198464846,0.1,100,multi:softmax,0.1,0.1,"{'learning_rate': 0.1, 'n_estimators': 100, 'objective': 'multi:softmax', 'reg_alpha': 0.1, 'reg_lambda': 0.1}",0.983306184221167,0.9790519760988048,0.9831322074325622,0.9915254237288136,0.9957557038014782,0.9865542990565652,0.006130640107138686,135
41,1.253198766708374,1.4623272867261043,0.022180891036987303,0.025958859048781296,0.1,100,multi:softmax,0.1,1,"{'learning_rate': 0.1, 'n_estimators': 100, 'objective': 'multi:softmax', 'reg_alpha': 0.1, 'reg_lambda': 1}",0.9873226172043355,0.9790519760988048,0.9873725998085477,0.9915254237288136,0.9957557038014782,0.9882056641283959,0.0055369246959635935,79
42,0.16727218627929688,0.029234691254148473,0.004075193405151367,0.0020513287180974646,0.1,100,multi:softmax,0.1,1.2,"{'learning_rate': 0.1, 'n_estimators': 100, 'objective': 'multi:softmax', 'reg_alpha': 0.1, 'reg_lambda': 1.2}",0.9873226172043355,0.9790519760988048,0.9873725998085477,0.9915254237288136,0.9957557038014782,0.9882056641283959,0.0055369246959635935,79
43,0.200180721282959,0.0706255490543287,0.003332090377807617,0.0006726426162259024,0.1,100,multi:softmax,0.1,1.4,"{'learning_rate': 0.1, 'n_estimators': 100, 'objective': 'multi:softmax', 'reg_alpha': 0.1, 'reg_lambda': 1.4}",0.9873226172043355,0.9790519760988048,0.9873725998085477,0.9915254237288136,0.9957557038014782,0.9882056641283959,0.0055369246959635935,79
44,0.1908043384552002,0.07165734960223584,0.0031862735748291017,0.0001939380257980847,0.1,100,multi:softmax,0.1,2,"{'learning_rate': 0.1, 'n_estimators': 100, 'objective': 'multi:softmax', 'reg_alpha': 0.1, 'reg_lambda': 2}",0.9873226172043355,0.9790519760988048,0.9916077861147087,0.9915254237288136,0.9957557038014782,0.9890527013896282,0.005667111304412988,49
45,0.14882845878601075,0.013353602318972885,0.004306602478027344,0.0016035046420873934,0.1,100,multi:softmax,1,0.1,"{'learning_rate': 0.1, 'n_estimators': 100, 'objective': 'multi:softmax', 'reg_alpha': 1, 'reg_lambda': 0.1}",0.9873226172043355,0.9790519760988048,0.9916077861147087,0.9915254237288136,0.9957557038014782,0.9890527013896282,0.005667111304412988,49
46,0.26106810569763184,0.060415773083261876,0.005958747863769531,0.004461998346872291,0.1,100,multi:softmax,1,1,"{'learning_rate': 0.1, 'n_estimators': 100, 'objective': 'multi:softmax', 'reg_alpha': 1, 'reg_lambda': 1}",0.9873226172043355,0.9832803177768282,0.9957799175378994,0.9915254237288136,0.9957557038014782,0.9907327960098709,0.004868265572094685,1
47,0.17658729553222657,0.02320071919924608,0.008346128463745116,0.0072514933431340415,0.1,100,multi:softmax,1,1.2,"{'learning_rate': 0.1, 'n_estimators': 100, 'objective': 'multi:softmax', 'reg_alpha': 1, 'reg_lambda': 1.2}",0.9873226172043355,0.9832803177768282,0.9957799175378994,0.9915254237288136,0.9957557038014782,0.9907327960098709,0.004868265572094685,1
48,0.15620498657226561,0.01746630799593145,0.0030855178833007813,0.00012697911197131521,0.1,100,multi:softmax,1,1.4,"{'learning_rate': 0.1, 'n_estimators': 100, 'objective': 'multi:softmax', 'reg_alpha': 1, 'reg_lambda': 1.4}",0.9873226172043355,0.9832803177768282,0.9957799175378994,0.9915254237288136,0.9957557038014782,0.9907327960098709,0.004868265572094685,1
49,0.21704463958740233,0.06371090931322769,0.006961727142333984,0.0048700887720553275,0.1,100,multi:softmax,1,2,"{'learning_rate': 0.1, 'n_estimators': 100, 'objective': 'multi:softmax', 'reg_alpha': 1, 'reg_lambda': 2}",0.9873226172043355,0.9832803177768282,0.9874283759988236,0.9915254237288136,0.9957557038014782,0.9890624877020558,0.004242550060450726,48
50,0.2017397403717041,0.07535761243170688,0.0034035682678222657,0.0008333660463910611,0.1,100,multi:softmax,1.2,0.1,"{'learning_rate': 0.1, 'n_estimators': 100, 'objective': 'multi:softmax', 'reg_alpha': 1.2, 'reg_lambda': 0.1}",0.9873226172043355,0.9832803177768282,0.9916077861147087,0.9915254237288136,0.9957557038014782,0.9898983697252328,0.004249961982056136,15
51,0.1483708381652832,0.03714779973691347,0.013903379440307617,0.020904372959762305,0.1,100,multi:softmax,1.2,1,"{'learning_rate': 0.1, 'n_estimators': 100, 'objective': 'multi:softmax', 'reg_alpha': 1.2, 'reg_lambda': 1}",0.9873226172043355,0.9832803177768282,0.9916077861147087,0.9915254237288136,0.9957557038014782,0.9898983697252328,0.004249961982056136,15
52,0.15628266334533691,0.02352789682329453,0.004621696472167969,0.0013592633114815685,0.1,100,multi:softmax,1.2,1.2,"{'learning_rate': 0.1, 'n_estimators': 100, 'objective': 'multi:softmax', 'reg_alpha': 1.2, 'reg_lambda': 1.2}",0.9873226172043355,0.9832803177768282,0.9916077861147087,0.9915254237288136,0.9957557038014782,0.9898983697252328,0.004249961982056136,15
53,0.14569954872131347,0.016326171559977433,0.0036681175231933595,0.000619489090088661,0.1,100,multi:softmax,1.2,1.4,"{'learning_rate': 0.1, 'n_estimators': 100, 'objective': 'multi:softmax', 'reg_alpha': 1.2, 'reg_lambda': 1.4}",0.9873226172043355,0.9832803177768282,0.9916077861147087,0.9915254237288136,0.9957557038014782,0.9898983697252328,0.004249961982056136,15
54,0.2418487548828125,0.08163834107684705,0.01101999282836914,0.012331331672191205,0.1,100,multi:softmax,1.2,2,"{'learning_rate': 0.1, 'n_estimators': 100, 'objective': 'multi:softmax', 'reg_alpha': 1.2, 'reg_lambda': 2}",0.9873226172043355,0.9832803177768282,0.9916077861147087,0.9915254237288136,0.9957557038014782,0.9898983697252328,0.004249961982056136,15
55,0.17996559143066407,0.04202671437287904,0.0036739826202392576,0.0011785084569761227,0.1,100,multi:softmax,2,0.1,"{'learning_rate': 0.1, 'n_estimators': 100, 'objective': 'multi:softmax', 'reg_alpha': 2, 'reg_lambda': 0.1}",0.9790468343224965,0.9832803177768282,0.9873725998085477,0.9915254237288136,0.9957557038014782,0.9873961758876328,0.0058921090123545605,95
56,0.14399871826171876,0.019173138307834212,0.0037296295166015627,0.0009814207598424199,0.1,100,multi:softmax,2,1,"{'learning_rate': 0.1, 'n_estimators': 100, 'objective': 'multi:softmax', 'reg_alpha': 2, 'reg_lambda': 1}",0.9790468343224965,0.9832803177768282,0.9831983665559247,0.9915254237288136,0.9957557038014782,0.9865613292371082,0.006127331324022866,125
57,0.22081995010375977,0.12503525840861113,0.0035524368286132812,0.0008721456036951605,0.1,100,multi:softmax,2,1.2,"{'learning_rate': 0.1, 'n_estimators': 100, 'objective': 'multi:softmax', 'reg_alpha': 2, 'reg_lambda': 1.2}",0.9790468343224965,0.9832803177768282,0.9873725998085477,0.9915254237288136,0.9957557038014782,0.9873961758876328,0.0058921090123545605,95
58,0.16214380264282227,0.033467060656263335,0.003004169464111328,4.910487484077786e-05,0.1,100,multi:softmax,2,1.4,"{'learning_rate': 0.1, 'n_estimators': 100, 'objective': 'multi:softmax', 'reg_alpha': 2, 'reg_lambda': 1.4}",0.9748346570566755,0.9832803177768282,0.9873725998085477,0.9915254237288136,0.9957557038014782,0.9865537404344688,0.0071849357181925045,144
59,0.15072097778320312,0.04240992812393996,0.003667306900024414,0.0010051811939947167,0.1,100,multi:softmax,2,2,"{'learning_rate': 0.1, 'n_estimators': 100, 'objective': 'multi:softmax', 'reg_alpha': 2, 'reg_lambda': 2}",0.9790468343224965,0.9832803177768282,0.9831983665559247,0.9915254237288136,0.9957557038014782,0.9865613292371082,0.006127331324022866,125
60,0.833499526977539,0.21498475830710648,0.004595756530761719,0.0008698415029412166,0.1,1000,multi:softmax,0.1,0.1,"{'learning_rate': 0.1, 'n_estimators': 1000, 'objective': 'multi:softmax', 'reg_alpha': 0.1, 'reg_lambda': 0.1}",0.983306184221167,0.9790519760988048,0.9831322074325622,0.9915254237288136,0.9957557038014782,0.9865542990565652,0.006130640107138686,135
61,0.8692239284515381,0.1432900999628615,0.003950691223144532,0.00019934374582788856,0.1,1000,multi:softmax,0.1,1,"{'learning_rate': 0.1, 'n_estimators': 1000, 'objective': 'multi:softmax', 'reg_alpha': 0.1, 'reg_lambda': 1}",0.9873226172043355,0.9790519760988048,0.9831322074325622,0.9915254237288136,0.9957557038014782,0.9873575856531989,0.005911640324425872,116
62,0.7637011051177979,0.120220197127089,0.005707788467407227,0.003315079311276519,0.1,1000,multi:softmax,0.1,1.2,"{'learning_rate': 0.1, 'n_estimators': 1000, 'objective': 'multi:softmax', 'reg_alpha': 0.1, 'reg_lambda': 1.2}",0.9873226172043355,0.9790519760988048,0.9916077861147087,0.9915254237288136,0.9957557038014782,0.9890527013896282,0.005667111304412988,49
63,2.3403798580169677,3.1506207998706777,0.0037485599517822266,0.00016860253925476466,0.1,1000,multi:softmax,0.1,1.4,"{'learning_rate': 0.1, 'n_estimators': 1000, 'objective': 'multi:softmax', 'reg_alpha': 0.1, 'reg_lambda': 1.4}",0.9873226172043355,0.9790519760988048,0.9831322074325622,0.9915254237288136,0.9957557038014782,0.9873575856531989,0.005911640324425872,116
64,0.680968189239502,0.022747398823160254,0.005511808395385742,0.002272916386221015,0.1,1000,multi:softmax,0.1,2,"{'learning_rate': 0.1, 'n_estimators': 1000, 'objective': 'multi:softmax', 'reg_alpha': 0.1, 'reg_lambda': 2}",0.9873226172043355,0.9831931720241912,0.9873725998085477,0.9915254237288136,0.9957557038014782,0.9890339033134733,0.004270663818588503,70
65,0.6489631175994873,0.04373191047292205,0.019979333877563475,0.019779208988554457,0.1,1000,multi:softmax,1,0.1,"{'learning_rate': 0.1, 'n_estimators': 1000, 'objective': 'multi:softmax', 'reg_alpha': 1, 'reg_lambda': 0.1}",0.9873226172043355,0.9790519760988048,0.9916077861147087,0.9915254237288136,0.9957557038014782,0.9890527013896282,0.005667111304412988,49
66,0.9236698150634766,0.48659355895950285,0.004750871658325195,0.002018326031778945,0.1,1000,multi:softmax,1,1,"{'learning_rate': 0.1, 'n_estimators': 1000, 'objective': 'multi:softmax', 'reg_alpha': 1, 'reg_lambda': 1}",0.9873226172043355,0.9832803177768282,0.9957799175378994,0.9915254237288136,0.9957557038014782,0.9907327960098709,0.004868265572094685,1
67,0.6297120094299317,0.013749050087237034,0.003501129150390625,0.00013333456666150134,0.1,1000,multi:softmax,1,1.2,"{'learning_rate': 0.1, 'n_estimators': 1000, 'objective': 'multi:softmax', 'reg_alpha': 1, 'reg_lambda': 1.2}",0.9873226172043355,0.9832803177768282,0.9957799175378994,0.9915254237288136,0.9957557038014782,0.9907327960098709,0.004868265572094685,1
68,0.636472225189209,0.0128679084343013,0.004472970962524414,0.0008423863592888249,0.1,1000,multi:softmax,1,1.4,"{'learning_rate': 0.1, 'n_estimators': 1000, 'objective': 'multi:softmax', 'reg_alpha': 1, 'reg_lambda': 1.4}",0.9873226172043355,0.9832803177768282,0.9957799175378994,0.9915254237288136,0.9957557038014782,0.9907327960098709,0.004868265572094685,1
69,0.7382492065429688,0.0943114004757176,0.005589103698730469,0.002208544200129261,0.1,1000,multi:softmax,1,2,"{'learning_rate': 0.1, 'n_estimators': 1000, 'objective': 'multi:softmax', 'reg_alpha': 1, 'reg_lambda': 2}",0.9873226172043355,0.9832803177768282,0.9916077861147087,0.9915254237288136,0.9957557038014782,0.9898983697252328,0.004249961982056136,15
70,0.5698995590209961,0.03231669253931956,0.003720808029174805,0.0005422016841868611,0.1,1000,multi:softmax,1.2,0.1,"{'learning_rate': 0.1, 'n_estimators': 1000, 'objective': 'multi:softmax', 'reg_alpha': 1.2, 'reg_lambda': 0.1}",0.9873226172043355,0.9832803177768282,0.9916077861147087,0.9915254237288136,0.9957557038014782,0.9898983697252328,0.004249961982056136,15
71,0.5699666500091553,0.014200656673304245,0.0035214900970458986,0.00023243585626702735,0.1,1000,multi:softmax,1.2,1,"{'learning_rate': 0.1, 'n_estimators': 1000, 'objective': 'multi:softmax', 'reg_alpha': 1.2, 'reg_lambda': 1}",0.9873226172043355,0.9832803177768282,0.9873725998085477,0.9915254237288136,0.9957557038014782,0.9890513324640006,0.004246903175596463,58
72,1.257926845550537,0.46851150545403664,0.01025543212890625,0.00824680122853921,0.1,1000,multi:softmax,1.2,1.2,"{'learning_rate': 0.1, 'n_estimators': 1000, 'objective': 'multi:softmax', 'reg_alpha': 1.2, 'reg_lambda': 1.2}",0.9873226172043355,0.9832803177768282,0.9873725998085477,0.9915254237288136,0.9957557038014782,0.9890513324640006,0.004246903175596463,58
73,0.8488855838775635,0.11103724822128484,0.0062138080596923825,0.003928749948945422,0.1,1000,multi:softmax,1.2,1.4,"{'learning_rate': 0.1, 'n_estimators': 1000, 'objective': 'multi:softmax', 'reg_alpha': 1.2, 'reg_lambda': 1.4}",0.9873226172043355,0.9832803177768282,0.9957799175378994,0.9915254237288136,0.9957557038014782,0.9907327960098709,0.004868265572094685,1
74,1.0088000297546387,0.17110336405730903,0.004877042770385742,0.0011195100138464925,0.1,1000,multi:softmax,1.2,2,"{'learning_rate': 0.1, 'n_estimators': 1000, 'objective': 'multi:softmax', 'reg_alpha': 1.2, 'reg_lambda': 2}",0.9830964869766163,0.9832803177768282,0.9873725998085477,0.9915254237288136,0.9957557038014782,0.9882061064184569,0.004880176757121616,72
75,0.9294904232025146,0.14875470131125382,0.004513072967529297,0.0019821210066705967,0.1,1000,multi:softmax,2,0.1,"{'learning_rate': 0.1, 'n_estimators': 1000, 'objective': 'multi:softmax', 'reg_alpha': 2, 'reg_lambda': 0.1}",0.9790468343224965,0.9832803177768282,0.9873725998085477,0.9915254237288136,0.9957557038014782,0.9873961758876328,0.0058921090123545605,95
76,2.8177511215209963,3.1279438764933265,0.012346220016479493,0.01706486691822775,0.1,1000,multi:softmax,2,1,"{'learning_rate': 0.1, 'n_estimators': 1000, 'objective': 'multi:softmax', 'reg_alpha': 2, 'reg_lambda': 1}",0.9790468343224965,0.9832803177768282,0.9873725998085477,0.9915254237288136,0.9957557038014782,0.9873961758876328,0.0058921090123545605,95
77,0.6372555255889892,0.01420736872251541,0.008729028701782226,0.010715059226203165,0.1,1000,multi:softmax,2,1.2,"{'learning_rate': 0.1, 'n_estimators': 1000, 'objective': 'multi:softmax', 'reg_alpha': 2, 'reg_lambda': 1.2}",0.9790468343224965,0.9832803177768282,0.9873725998085477,0.9915254237288136,0.9957557038014782,0.9873961758876328,0.0058921090123545605,95
78,0.6282796859741211,0.010702808623235506,0.003988742828369141,0.0010069627810934576,0.1,1000,multi:softmax,2,1.4,"{'learning_rate': 0.1, 'n_estimators': 1000, 'objective': 'multi:softmax', 'reg_alpha': 2, 'reg_lambda': 1.4}",0.9790468343224965,0.9832803177768282,0.9873725998085477,0.9915254237288136,0.9957557038014782,0.9873961758876328,0.0058921090123545605,95
79,0.8002309799194336,0.09467674422051434,0.021514272689819335,0.021304548001734345,0.1,1000,multi:softmax,2,2,"{'learning_rate': 0.1, 'n_estimators': 1000, 'objective': 'multi:softmax', 'reg_alpha': 2, 'reg_lambda': 2}",0.9790468343224965,0.9832803177768282,0.9873725998085477,0.9915254237288136,0.9957557038014782,0.9873961758876328,0.0058921090123545605,95
80,0.15920743942260743,0.10461879694347925,0.005610084533691407,0.0046453490601844494,0.2,100,multi:softmax,0.1,0.1,"{'learning_rate': 0.2, 'n_estimators': 100, 'objective': 'multi:softmax', 'reg_alpha': 0.1, 'reg_lambda': 0.1}",0.983306184221167,0.9790519760988048,0.9831322074325622,0.9915254237288136,0.9957557038014782,0.9865542990565652,0.006130640107138686,135
81,0.12100963592529297,0.023808038355924765,0.0031464099884033203,0.0004180814281247486,0.2,100,multi:softmax,0.1,1,"{'learning_rate': 0.2, 'n_estimators': 100, 'objective': 'multi:softmax', 'reg_alpha': 0.1, 'reg_lambda': 1}",0.9873226172043355,0.9790519760988048,0.9831322074325622,0.9915254237288136,0.9957557038014782,0.9873575856531989,0.005911640324425872,116
82,0.10720887184143066,0.0075865000461361135,0.0038997650146484373,0.0010610934980511597,0.2,100,multi:softmax,0.1,1.2,"{'learning_rate': 0.2, 'n_estimators': 100, 'objective': 'multi:softmax', 'reg_alpha': 0.1, 'reg_lambda': 1.2}",0.9873226172043355,0.9790519760988048,0.9831322074325622,0.9915254237288136,0.9957557038014782,0.9873575856531989,0.005911640324425872,116
83,0.11044769287109375,0.01397139171872573,0.004316186904907227,0.002332235360349853,0.2,100,multi:softmax,0.1,1.4,"{'learning_rate': 0.2, 'n_estimators': 100, 'objective': 'multi:softmax', 'reg_alpha': 0.1, 'reg_lambda': 1.4}",0.9873226172043355,0.9790519760988048,0.9873725998085477,0.9915254237288136,0.9957557038014782,0.9882056641283959,0.0055369246959635935,79
84,0.10581860542297364,0.0010269385343614527,0.0033000946044921876,0.0006280583042972745,0.2,100,multi:softmax,0.1,2,"{'learning_rate': 0.2, 'n_estimators': 100, 'objective': 'multi:softmax', 'reg_alpha': 0.1, 'reg_lambda': 2}",0.9873226172043355,0.9790519760988048,0.9873725998085477,0.9915254237288136,0.9957557038014782,0.9882056641283959,0.0055369246959635935,79
85,0.09639344215393067,0.0016602947510638026,0.0029512882232666016,9.20785516640712e-05,0.2,100,multi:softmax,1,0.1,"{'learning_rate': 0.2, 'n_estimators': 100, 'objective': 'multi:softmax', 'reg_alpha': 1, 'reg_lambda': 0.1}",0.9873226172043355,0.9790519760988048,0.9916077861147087,0.9915254237288136,0.9957557038014782,0.9890527013896282,0.005667111304412988,49
86,0.10214118957519532,0.0016778670832659959,0.003663921356201172,0.0011557686671682776,0.2,100,multi:softmax,1,1,"{'learning_rate': 0.2, 'n_estimators': 100, 'objective': 'multi:softmax', 'reg_alpha': 1, 'reg_lambda': 1}",0.9873226172043355,0.9832803177768282,0.9916077861147087,0.9915254237288136,0.9957557038014782,0.9898983697252328,0.004249961982056136,15
87,0.10943198204040527,0.009695433613017206,0.002951383590698242,5.607146776383949e-05,0.2,100,multi:softmax,1,1.2,"{'learning_rate': 0.2, 'n_estimators': 100, 'objective': 'multi:softmax', 'reg_alpha': 1, 'reg_lambda': 1.2}",0.9873226172043355,0.9832803177768282,0.9957799175378994,0.9915254237288136,0.9957557038014782,0.9907327960098709,0.004868265572094685,1
88,0.10804309844970703,0.0024090971630043993,0.0029528141021728516,3.435379254737526e-05,0.2,100,multi:softmax,1,1.4,"{'learning_rate': 0.2, 'n_estimators': 100, 'objective': 'multi:softmax', 'reg_alpha': 1, 'reg_lambda': 1.4}",0.9873226172043355,0.9832803177768282,0.9957799175378994,0.9915254237288136,0.9957557038014782,0.9907327960098709,0.004868265572094685,1
89,0.11022830009460449,0.003399472453203556,0.0030375957489013673,0.00014939054754246604,0.2,100,multi:softmax,1,2,"{'learning_rate': 0.2, 'n_estimators': 100, 'objective': 'multi:softmax', 'reg_alpha': 1, 'reg_lambda': 2}",0.9873226172043355,0.9832803177768282,0.9873725998085477,0.9915254237288136,0.9957557038014782,0.9890513324640006,0.004246903175596463,58
90,0.09967942237854004,0.0023116569771425856,0.0038883209228515623,0.001152152077975999,0.2,100,multi:softmax,1.2,0.1,"{'learning_rate': 0.2, 'n_estimators': 100, 'objective': 'multi:softmax', 'reg_alpha': 1.2, 'reg_lambda': 0.1}",0.9873226172043355,0.9832803177768282,0.9916077861147087,0.9915254237288136,0.9957557038014782,0.9898983697252328,0.004249961982056136,15
91,0.1960369110107422,0.16662690205908418,0.003910160064697266,0.000959952794568277,0.2,100,multi:softmax,1.2,1,"{'learning_rate': 0.2, 'n_estimators': 100, 'objective': 'multi:softmax', 'reg_alpha': 1.2, 'reg_lambda': 1}",0.9873226172043355,0.9832803177768282,0.9873725998085477,0.9915254237288136,0.9957557038014782,0.9890513324640006,0.004246903175596463,58
92,0.11145009994506835,0.004978474085802586,0.003091907501220703,0.00028727488233902765,0.2,100,multi:softmax,1.2,1.2,"{'learning_rate': 0.2, 'n_estimators': 100, 'objective': 'multi:softmax', 'reg_alpha': 1.2, 'reg_lambda': 1.2}",0.9873226172043355,0.9832803177768282,0.9873725998085477,0.9915254237288136,0.9957557038014782,0.9890513324640006,0.004246903175596463,58
93,0.1299891948699951,0.02353895154092573,0.005833721160888672,0.003104211660024258,0.2,100,multi:softmax,1.2,1.4,"{'learning_rate': 0.2, 'n_estimators': 100, 'objective': 'multi:softmax', 'reg_alpha': 1.2, 'reg_lambda': 1.4}",0.9830964869766163,0.9832803177768282,0.9873725998085477,0.9915254237288136,0.9957557038014782,0.9882061064184569,0.004880176757121616,72
94,0.11314654350280762,0.0036819090614855247,0.003023862838745117,0.000142935626751517,0.2,100,multi:softmax,1.2,2,"{'learning_rate': 0.2, 'n_estimators': 100, 'objective': 'multi:softmax', 'reg_alpha': 1.2, 'reg_lambda': 2}",0.9830964869766163,0.9832803177768282,0.9873725998085477,0.9915254237288136,0.9957557038014782,0.9882061064184569,0.004880176757121616,72
95,0.10029621124267578,0.0018784876440654514,0.003745555877685547,0.0009380653452920097,0.2,100,multi:softmax,2,0.1,"{'learning_rate': 0.2, 'n_estimators': 100, 'objective': 'multi:softmax', 'reg_alpha': 2, 'reg_lambda': 0.1}",0.9790468343224965,0.9832803177768282,0.9873725998085477,0.9915254237288136,0.9957557038014782,0.9873961758876328,0.0058921090123545605,95
96,0.11058626174926758,0.004810601707847205,0.0035165786743164063,0.0010685576923190156,0.2,100,multi:softmax,2,1,"{'learning_rate': 0.2, 'n_estimators': 100, 'objective': 'multi:softmax', 'reg_alpha': 2, 'reg_lambda': 1}",0.9790468343224965,0.9832803177768282,0.9873725998085477,0.9915254237288136,0.9957557038014782,0.9873961758876328,0.0058921090123545605,95
97,0.13253636360168458,0.030058042519858205,0.005030250549316407,0.0017492164455976276,0.2,100,multi:softmax,2,1.2,"{'learning_rate': 0.2, 'n_estimators': 100, 'objective': 'multi:softmax', 'reg_alpha': 2, 'reg_lambda': 1.2}",0.9790468343224965,0.9832803177768282,0.9873725998085477,0.9915254237288136,0.9957557038014782,0.9873961758876328,0.0058921090123545605,95
98,0.13852152824401856,0.03095408627895738,0.0035171031951904295,0.0010392524408041565,0.2,100,multi:softmax,2,1.4,"{'learning_rate': 0.2, 'n_estimators': 100, 'objective': 'multi:softmax', 'reg_alpha': 2, 'reg_lambda': 1.4}",0.9790468343224965,0.9832803177768282,0.9873725998085477,0.9915254237288136,0.9957557038014782,0.9873961758876328,0.0058921090123545605,95
99,0.11118083000183106,0.007270261354512634,0.00466008186340332,0.0015224192738184743,0.2,100,multi:softmax,2,2,"{'learning_rate': 0.2, 'n_estimators': 100, 'objective': 'multi:softmax', 'reg_alpha': 2, 'reg_lambda': 2}",0.9790468343224965,0.9832803177768282,0.9873725998085477,0.9915254237288136,0.9957557038014782,0.9873961758876328,0.0058921090123545605,95
100,2.1302536010742186,2.446437626096845,0.017366361618041993,0.017596877119259644,0.2,1000,multi:softmax,0.1,0.1,"{'learning_rate': 0.2, 'n_estimators': 1000, 'objective': 'multi:softmax', 'reg_alpha': 0.1, 'reg_lambda': 0.1}",0.983306184221167,0.9790519760988048,0.9831322074325622,0.9915254237288136,0.9957557038014782,0.9865542990565652,0.006130640107138686,135
101,0.6075605869293212,0.009125376578027556,0.004507207870483398,0.0011807400906172403,0.2,1000,multi:softmax,0.1,1,"{'learning_rate': 0.2, 'n_estimators': 1000, 'objective': 'multi:softmax', 'reg_alpha': 0.1, 'reg_lambda': 1}",0.9873226172043355,0.9790519760988048,0.9873725998085477,0.9915254237288136,0.9957557038014782,0.9882056641283959,0.0055369246959635935,79
102,0.6199919700622558,0.03611824066694763,0.0037615299224853516,0.00034917828217152704,0.2,1000,multi:softmax,0.1,1.2,"{'learning_rate': 0.2, 'n_estimators': 1000, 'objective': 'multi:softmax', 'reg_alpha': 0.1, 'reg_lambda': 1.2}",0.9873226172043355,0.9790519760988048,0.9873725998085477,0.9915254237288136,0.9957557038014782,0.9882056641283959,0.0055369246959635935,79
103,0.7513904094696044,0.0753117657946977,0.007714700698852539,0.007821897372862444,0.2,1000,multi:softmax,0.1,1.4,"{'learning_rate': 0.2, 'n_estimators': 1000, 'objective': 'multi:softmax', 'reg_alpha': 0.1, 'reg_lambda': 1.4}",0.9873226172043355,0.9790519760988048,0.9873725998085477,0.9915254237288136,0.9957557038014782,0.9882056641283959,0.0055369246959635935,79
104,0.8401994705200195,0.12490002071194924,0.005729818344116211,0.0018033816698937793,0.2,1000,multi:softmax,0.1,2,"{'learning_rate': 0.2, 'n_estimators': 1000, 'objective': 'multi:softmax', 'reg_alpha': 0.1, 'reg_lambda': 2}",0.9873226172043355,0.9831931720241912,0.9831322074325622,0.9915254237288136,0.9957557038014782,0.9881858248382761,0.0048921722515018915,89
105,0.6346403598785401,0.08856551975047304,0.005123710632324219,0.001723255439225569,0.2,1000,multi:softmax,1,0.1,"{'learning_rate': 0.2, 'n_estimators': 1000, 'objective': 'multi:softmax', 'reg_alpha': 1, 'reg_lambda': 0.1}",0.9873226172043355,0.9790519760988048,0.9916077861147087,0.9915254237288136,0.9957557038014782,0.9890527013896282,0.005667111304412988,49
106,0.5877071380615234,0.01343416117473899,0.003938150405883789,0.0008404892687575269,0.2,1000,multi:softmax,1,1,"{'learning_rate': 0.2, 'n_estimators': 1000, 'objective': 'multi:softmax', 'reg_alpha': 1, 'reg_lambda': 1}",0.9873226172043355,0.9832803177768282,0.9916077861147087,0.9915254237288136,0.9957557038014782,0.9898983697252328,0.004249961982056136,15
107,0.7357796192169189,0.055439393359959004,0.0049950599670410155,0.0023126780882862614,0.2,1000,multi:softmax,1,1.2,"{'learning_rate': 0.2, 'n_estimators': 1000, 'objective': 'multi:softmax', 'reg_alpha': 1, 'reg_lambda': 1.2}",0.9873226172043355,0.9832803177768282,0.9957799175378994,0.9915254237288136,0.9957557038014782,0.9907327960098709,0.004868265572094685,1
108,2.125552034378052,3.15486579036974,0.00454564094543457,0.001991701413212369,0.2,1000,multi:softmax,1,1.4,"{'learning_rate': 0.2, 'n_estimators': 1000, 'objective': 'multi:softmax', 'reg_alpha': 1, 'reg_lambda': 1.4}",0.9873226172043355,0.9832803177768282,0.9957799175378994,0.9915254237288136,0.9957557038014782,0.9907327960098709,0.004868265572094685,1
109,0.5579242706298828,0.0236528069873426,0.0037427902221679687,0.0004721461242364667,0.2,1000,multi:softmax,1,2,"{'learning_rate': 0.2, 'n_estimators': 1000, 'objective': 'multi:softmax', 'reg_alpha': 1, 'reg_lambda': 2}",0.9873226172043355,0.9832803177768282,0.9873725998085477,0.9915254237288136,0.9957557038014782,0.9890513324640006,0.004246903175596463,58
110,0.5469347953796386,0.02050510180317849,0.003757953643798828,0.0006872921289823894,0.2,1000,multi:softmax,1.2,0.1,"{'learning_rate': 0.2, 'n_estimators': 1000, 'objective': 'multi:softmax', 'reg_alpha': 1.2, 'reg_lambda': 0.1}",0.9873226172043355,0.9832803177768282,0.9916077861147087,0.9915254237288136,0.9957557038014782,0.9898983697252328,0.004249961982056136,15
111,0.6607248783111572,0.08640903754680801,0.0034225940704345702,0.0001761497130947252,0.2,1000,multi:softmax,1.2,1,"{'learning_rate': 0.2, 'n_estimators': 1000, 'objective': 'multi:softmax', 'reg_alpha': 1.2, 'reg_lambda': 1}",0.9873226172043355,0.9832803177768282,0.9873725998085477,0.9915254237288136,0.9957557038014782,0.9890513324640006,0.004246903175596463,58
112,0.5394609928131103,0.006114380543794049,0.004063558578491211,0.001018104321584361,0.2,1000,multi:softmax,1.2,1.2,"{'learning_rate': 0.2, 'n_estimators': 1000, 'objective': 'multi:softmax', 'reg_alpha': 1.2, 'reg_lambda': 1.2}",0.9873226172043355,0.9832803177768282,0.9873725998085477,0.9915254237288136,0.9957557038014782,0.9890513324640006,0.004246903175596463,58
113,0.5638757228851319,0.026510268757845776,0.003784465789794922,0.0006031460116783982,0.2,1000,multi:softmax,1.2,1.4,"{'learning_rate': 0.2, 'n_estimators': 1000, 'objective': 'multi:softmax', 'reg_alpha': 1.2, 'reg_lambda': 1.4}",0.9830964869766163,0.9832803177768282,0.9873725998085477,0.9915254237288136,0.9957557038014782,0.9882061064184569,0.004880176757121616,72
114,0.551941204071045,0.01733558236194561,0.0033133983612060546,8.524864255187357e-05,0.2,1000,multi:softmax,1.2,2,"{'learning_rate': 0.2, 'n_estimators': 1000, 'objective': 'multi:softmax', 'reg_alpha': 1.2, 'reg_lambda': 2}",0.9830964869766163,0.9832803177768282,0.9873725998085477,0.9915254237288136,0.9957557038014782,0.9882061064184569,0.004880176757121616,72
115,0.5528099060058593,0.012467964660096016,0.003958320617675782,0.0007732594986790488,0.2,1000,multi:softmax,2,0.1,"{'learning_rate': 0.2, 'n_estimators': 1000, 'objective': 'multi:softmax', 'reg_alpha': 2, 'reg_lambda': 0.1}",0.9790468343224965,0.9832803177768282,0.9873725998085477,0.9915254237288136,0.9957557038014782,0.9873961758876328,0.0058921090123545605,95
116,0.5536550998687744,0.016436861637493437,0.003319835662841797,0.0001532882472580418,0.2,1000,multi:softmax,2,1,"{'learning_rate': 0.2, 'n_estimators': 1000, 'objective': 'multi:softmax', 'reg_alpha': 2, 'reg_lambda': 1}",0.9790468343224965,0.9832803177768282,0.9873725998085477,0.9915254237288136,0.9957557038014782,0.9873961758876328,0.0058921090123545605,95
117,0.555424976348877,0.014117238903290323,0.0033240318298339844,0.00014994166996375253,0.2,1000,multi:softmax,2,1.2,"{'learning_rate': 0.2, 'n_estimators': 1000, 'objective': 'multi:softmax', 'reg_alpha': 2, 'reg_lambda': 1.2}",0.9790468343224965,0.9832803177768282,0.9873725998085477,0.9915254237288136,0.9957557038014782,0.9873961758876328,0.0058921090123545605,95
118,0.5731502532958984,0.05383394269546397,0.004375600814819336,0.0006896778312040101,0.2,1000,multi:softmax,2,1.4,"{'learning_rate': 0.2, 'n_estimators': 1000, 'objective': 'multi:softmax', 'reg_alpha': 2, 'reg_lambda': 1.4}",0.9790468343224965,0.9832803177768282,0.9873725998085477,0.9915254237288136,0.9957557038014782,0.9873961758876328,0.0058921090123545605,95
119,0.5627922058105469,0.02064054553033548,0.0037399768829345704,0.0005924481036646113,0.2,1000,multi:softmax,2,2,"{'learning_rate': 0.2, 'n_estimators': 1000, 'objective': 'multi:softmax', 'reg_alpha': 2, 'reg_lambda': 2}",0.9790468343224965,0.9832803177768282,0.9873725998085477,0.9915254237288136,0.9957557038014782,0.9873961758876328,0.0058921090123545605,95
120,0.07683401107788086,0.002368200613268545,0.0029143333435058595,3.6873913329120766e-05,0.3,100,multi:softmax,0.1,0.1,"{'learning_rate': 0.3, 'n_estimators': 100, 'objective': 'multi:softmax', 'reg_alpha': 0.1, 'reg_lambda': 0.1}",0.983306184221167,0.9790519760988048,0.9831322074325622,0.9915254237288136,0.9957557038014782,0.9865542990565652,0.006130640107138686,135
121,0.08105359077453614,0.00193923300199217,0.0035499095916748046,0.0008174828374654843,0.3,100,multi:softmax,0.1,1,"{'learning_rate': 0.3, 'n_estimators': 100, 'objective': 'multi:softmax', 'reg_alpha': 0.1, 'reg_lambda': 1}",0.9873226172043355,0.9790519760988048,0.9831322074325622,0.9915254237288136,0.9957557038014782,0.9873575856531989,0.005911640324425872,116
122,0.08329057693481445,0.00361716876578238,0.003435707092285156,0.0004820358742576479,0.3,100,multi:softmax,0.1,1.2,"{'learning_rate': 0.3, 'n_estimators': 100, 'objective': 'multi:softmax', 'reg_alpha': 0.1, 'reg_lambda': 1.2}",0.9873226172043355,0.9790519760988048,0.9873725998085477,0.9915254237288136,0.9957557038014782,0.9882056641283959,0.0055369246959635935,79
123,0.09099984169006348,0.008174862296389529,0.006505012512207031,0.005867609743805828,0.3,100,multi:softmax,0.1,1.4,"{'learning_rate': 0.3, 'n_estimators': 100, 'objective': 'multi:softmax', 'reg_alpha': 0.1, 'reg_lambda': 1.4}",0.9873226172043355,0.9831931720241912,0.9916077861147087,0.9915254237288136,0.9957557038014782,0.9898809405747053,0.004277158635974213,46
124,0.0899116039276123,0.004909010374795243,0.0033840179443359376,0.0008974734630749343,0.3,100,multi:softmax,0.1,2,"{'learning_rate': 0.3, 'n_estimators': 100, 'objective': 'multi:softmax', 'reg_alpha': 0.1, 'reg_lambda': 2}",0.9873226172043355,0.9790519760988048,0.9916077861147087,0.9915254237288136,0.9957557038014782,0.9890527013896282,0.005667111304412988,49
125,0.08121156692504883,0.008174997207320253,0.0036951541900634766,0.0016113235474019341,0.3,100,multi:softmax,1,0.1,"{'learning_rate': 0.3, 'n_estimators': 100, 'objective': 'multi:softmax', 'reg_alpha': 1, 'reg_lambda': 0.1}",0.9873226172043355,0.9832803177768282,0.9916077861147087,0.9915254237288136,0.9957557038014782,0.9898983697252328,0.004249961982056136,15
126,0.07992691993713379,0.003004585852251319,0.003179788589477539,0.0003725502809185201,0.3,100,multi:softmax,1,1,"{'learning_rate': 0.3, 'n_estimators': 100, 'objective': 'multi:softmax', 'reg_alpha': 1, 'reg_lambda': 1}",0.9830964869766163,0.9832803177768282,0.9915415946555087,0.9915254237288136,0.9957557038014782,0.9890399053878489,0.005020662721348696,68
127,0.08276944160461426,0.002343973705617986,0.003176164627075195,0.0003321499031262455,0.3,100,multi:softmax,1,1.2,"{'learning_rate': 0.3, 'n_estimators': 100, 'objective': 'multi:softmax', 'reg_alpha': 1, 'reg_lambda': 1.2}",0.9873226172043355,0.9832803177768282,0.9915415946555087,0.9915254237288136,0.9957557038014782,0.9898851314333929,0.004244716522021936,36
128,0.08736000061035157,0.011618758521607915,0.002988433837890625,0.00010127033393802927,0.3,100,multi:softmax,1,1.4,"{'learning_rate': 0.3, 'n_estimators': 100, 'objective': 'multi:softmax', 'reg_alpha': 1, 'reg_lambda': 1.4}",0.9873226172043355,0.9832803177768282,0.9915415946555087,0.9915254237288136,0.9957557038014782,0.9898851314333929,0.004244716522021936,36
129,0.09027738571166992,0.005669610858038195,0.002962207794189453,0.00010643776571710692,0.3,100,multi:softmax,1,2,"{'learning_rate': 0.3, 'n_estimators': 100, 'objective': 'multi:softmax', 'reg_alpha': 1, 'reg_lambda': 2}",0.9873226172043355,0.9832803177768282,0.9915415946555087,0.9915254237288136,0.9957557038014782,0.9898851314333929,0.004244716522021936,36
130,0.07936992645263671,0.0009665495736525008,0.002895832061767578,2.765162193760975e-05,0.3,100,multi:softmax,1.2,0.1,"{'learning_rate': 0.3, 'n_estimators': 100, 'objective': 'multi:softmax', 'reg_alpha': 1.2, 'reg_lambda': 0.1}",0.9873226172043355,0.9832803177768282,0.9873725998085477,0.9915254237288136,0.9957557038014782,0.9890513324640006,0.004246903175596463,58
131,0.08027863502502441,0.0020033297336521697,0.002910137176513672,1.5144366161037847e-05,0.3,100,multi:softmax,1.2,1,"{'learning_rate': 0.3, 'n_estimators': 100, 'objective': 'multi:softmax', 'reg_alpha': 1.2, 'reg_lambda': 1}",0.9873226172043355,0.9832803177768282,0.9915415946555087,0.9915254237288136,0.9957557038014782,0.9898851314333929,0.004244716522021936,36
132,0.08614373207092285,0.008729754056013929,0.0029232978820800783,5.863243678582206e-05,0.3,100,multi:softmax,1.2,1.2,"{'learning_rate': 0.3, 'n_estimators': 100, 'objective': 'multi:softmax', 'reg_alpha': 1.2, 'reg_lambda': 1.2}",0.9873226172043355,0.9832803177768282,0.9915415946555087,0.9915254237288136,0.9957557038014782,0.9898851314333929,0.004244716522021936,36
133,0.08358297348022461,0.007693558462828765,0.003236246109008789,0.0006294599328344598,0.3,100,multi:softmax,1.2,1.4,"{'learning_rate': 0.3, 'n_estimators': 100, 'objective': 'multi:softmax', 'reg_alpha': 1.2, 'reg_lambda': 1.4}",0.9830964869766163,0.9832803177768282,0.9957799175378994,0.9915254237288136,0.9957557038014782,0.9898875699643271,0.005685277640142588,33
134,0.08435196876525879,0.0025743269121010024,0.0032259464263916016,0.00043217602818210947,0.3,100,multi:softmax,1.2,2,"{'learning_rate': 0.3, 'n_estimators': 100, 'objective': 'multi:softmax', 'reg_alpha': 1.2, 'reg_lambda': 2}",0.9830964869766163,0.9832803177768282,0.9873725998085477,0.9915254237288136,0.9957557038014782,0.9882061064184569,0.004880176757121616,72
135,0.0778000831604004,0.0013494777794353624,0.003162050247192383,0.00041942184432340693,0.3,100,multi:softmax,2,0.1,"{'learning_rate': 0.3, 'n_estimators': 100, 'objective': 'multi:softmax', 'reg_alpha': 2, 'reg_lambda': 0.1}",0.9748346570566755,0.9832803177768282,0.9873725998085477,0.9915254237288136,0.9957557038014782,0.9865537404344688,0.0071849357181925045,144
136,0.08000397682189941,0.00185539786151825,0.0030029296875,0.00011970525565915011,0.3,100,multi:softmax,2,1,"{'learning_rate': 0.3, 'n_estimators': 100, 'objective': 'multi:softmax', 'reg_alpha': 2, 'reg_lambda': 1}",0.9748346570566755,0.9832803177768282,0.9873725998085477,0.9915254237288136,0.9957557038014782,0.9865537404344688,0.0071849357181925045,144
137,0.08519043922424316,0.010740429383805856,0.0033236026763916017,0.0006519408131914835,0.3,100,multi:softmax,2,1.2,"{'learning_rate': 0.3, 'n_estimators': 100, 'objective': 'multi:softmax', 'reg_alpha': 2, 'reg_lambda': 1.2}",0.9790468343224965,0.9832803177768282,0.9873725998085477,0.9872859982473764,0.9957557038014782,0.9865482907913454,0.005530852533983058,152
138,0.08472929000854493,0.005551668174345763,0.003379535675048828,0.0006457736007128052,0.3,100,multi:softmax,2,1.4,"{'learning_rate': 0.3, 'n_estimators': 100, 'objective': 'multi:softmax', 'reg_alpha': 2, 'reg_lambda': 1.4}",0.9748346570566755,0.9832803177768282,0.9873725998085477,0.9915254237288136,0.9957557038014782,0.9865537404344688,0.0071849357181925045,144
139,0.0855250358581543,0.0023893936737059258,0.004164934158325195,0.0016122191797296693,0.3,100,multi:softmax,2,2,"{'learning_rate': 0.3, 'n_estimators': 100, 'objective': 'multi:softmax', 'reg_alpha': 2, 'reg_lambda': 2}",0.9748346570566755,0.9832803177768282,0.9831322074325622,0.9915254237288136,0.9957557038014782,0.9857056619592715,0.007287752442021427,154
140,0.46880154609680175,0.00538886054961466,0.003558826446533203,0.0005093843915065355,0.3,1000,multi:softmax,0.1,0.1,"{'learning_rate': 0.3, 'n_estimators': 1000, 'objective': 'multi:softmax', 'reg_alpha': 0.1, 'reg_lambda': 0.1}",0.983306184221167,0.9790519760988048,0.9873725998085477,0.9915254237288136,0.9957557038014782,0.9874023775317623,0.005887044422347235,92
141,0.515862512588501,0.0356531902407192,0.008475446701049804,0.010018817698627372,0.3,1000,multi:softmax,0.1,1,"{'learning_rate': 0.3, 'n_estimators': 1000, 'objective': 'multi:softmax', 'reg_alpha': 0.1, 'reg_lambda': 1}",0.9873226172043355,0.9790519760988048,0.9831322074325622,0.9915254237288136,0.9957557038014782,0.9873575856531989,0.005911640324425872,116
142,0.5066927909851074,0.006331164428867318,0.0034418582916259767,3.0063968337553337e-05,0.3,1000,multi:softmax,0.1,1.2,"{'learning_rate': 0.3, 'n_estimators': 1000, 'objective': 'multi:softmax', 'reg_alpha': 0.1, 'reg_lambda': 1.2}",0.9873226172043355,0.9831931720241912,0.9873725998085477,0.9915254237288136,0.9957557038014782,0.9890339033134733,0.004270663818588503,70
143,0.5054358005523681,0.0061350804273902085,0.0038518428802490233,0.0004502890056238006,0.3,1000,multi:softmax,0.1,1.4,"{'learning_rate': 0.3, 'n_estimators': 1000, 'objective': 'multi:softmax', 'reg_alpha': 0.1, 'reg_lambda': 1.4}",0.9873226172043355,0.9831931720241912,0.9916077861147087,0.9915254237288136,0.9957557038014782,0.9898809405747053,0.004277158635974213,46
144,0.5403566360473633,0.030973270676165374,0.0046786308288574215,0.002069014400598425,0.3,1000,multi:softmax,0.1,2,"{'learning_rate': 0.3, 'n_estimators': 1000, 'objective': 'multi:softmax', 'reg_alpha': 0.1, 'reg_lambda': 2}",0.9873226172043355,0.9790519760988048,0.9916077861147087,0.9915254237288136,0.9957557038014782,0.9890527013896282,0.005667111304412988,49
145,0.7300986766815185,0.21872883010805966,0.0034938812255859374,0.0003110123566728323,0.3,1000,multi:softmax,1,0.1,"{'learning_rate': 0.3, 'n_estimators': 1000, 'objective': 'multi:softmax', 'reg_alpha': 1, 'reg_lambda': 0.1}",0.9873226172043355,0.9832803177768282,0.9916077861147087,0.9915254237288136,0.9957557038014782,0.9898983697252328,0.004249961982056136,15
146,0.48708391189575195,0.0314669037465901,0.003800630569458008,0.0008700325498595813,0.3,1000,multi:softmax,1,1,"{'learning_rate': 0.3, 'n_estimators': 1000, 'objective': 'multi:softmax', 'reg_alpha': 1, 'reg_lambda': 1}",0.9830964869766163,0.9832803177768282,0.9915415946555087,0.9915254237288136,0.9957557038014782,0.9890399053878489,0.005020662721348696,68
147,0.4775099277496338,0.013320199593401272,0.003314304351806641,4.3209550952093605e-05,0.3,1000,multi:softmax,1,1.2,"{'learning_rate': 0.3, 'n_estimators': 1000, 'objective': 'multi:softmax', 'reg_alpha': 1, 'reg_lambda': 1.2}",0.9873226172043355,0.9832803177768282,0.9915415946555087,0.9915254237288136,0.9957557038014782,0.9898851314333929,0.004244716522021936,36
148,0.46106805801391604,0.017281886925575928,0.0033706188201904296,0.000149689703174015,0.3,1000,multi:softmax,1,1.4,"{'learning_rate': 0.3, 'n_estimators': 1000, 'objective': 'multi:softmax', 'reg_alpha': 1, 'reg_lambda': 1.4}",0.9873226172043355,0.9832803177768282,0.9915415946555087,0.9915254237288136,0.9957557038014782,0.9898851314333929,0.004244716522021936,36
149,0.5006019592285156,0.04331340657560049,0.0035638809204101562,0.00047925033291870505,0.3,1000,multi:softmax,1,2,"{'learning_rate': 0.3, 'n_estimators': 1000, 'objective': 'multi:softmax', 'reg_alpha': 1, 'reg_lambda': 2}",0.9873226172043355,0.9832803177768282,0.9915415946555087,0.9915254237288136,0.9957557038014782,0.9898851314333929,0.004244716522021936,36
150,0.4739020347595215,0.023849917603725384,0.003362751007080078,4.3083391717706626e-05,0.3,1000,multi:softmax,1.2,0.1,"{'learning_rate': 0.3, 'n_estimators': 1000, 'objective': 'multi:softmax', 'reg_alpha': 1.2, 'reg_lambda': 0.1}",0.9873226172043355,0.9832803177768282,0.9873725998085477,0.9915254237288136,0.9957557038014782,0.9890513324640006,0.004246903175596463,58
151,0.4859307289123535,0.01674413504865991,0.003902435302734375,0.0005683899525827978,0.3,1000,multi:softmax,1.2,1,"{'learning_rate': 0.3, 'n_estimators': 1000, 'objective': 'multi:softmax', 'reg_alpha': 1.2, 'reg_lambda': 1}",0.9873226172043355,0.9832803177768282,0.9915415946555087,0.9915254237288136,0.9957557038014782,0.9898851314333929,0.004244716522021936,36
152,0.46636290550231935,0.020604169820278295,0.004043197631835938,0.0013603615540823339,0.3,1000,multi:softmax,1.2,1.2,"{'learning_rate': 0.3, 'n_estimators': 1000, 'objective': 'multi:softmax', 'reg_alpha': 1.2, 'reg_lambda': 1.2}",0.9873226172043355,0.9832803177768282,0.9915415946555087,0.9915254237288136,0.9957557038014782,0.9898851314333929,0.004244716522021936,36
153,0.4621124744415283,0.017474921846597765,0.003326559066772461,3.0736436464229415e-05,0.3,1000,multi:softmax,1.2,1.4,"{'learning_rate': 0.3, 'n_estimators': 1000, 'objective': 'multi:softmax', 'reg_alpha': 1.2, 'reg_lambda': 1.4}",0.9830964869766163,0.9832803177768282,0.9957799175378994,0.9915254237288136,0.9957557038014782,0.9898875699643271,0.005685277640142588,33
154,0.46626911163330076,0.020903914621572102,0.0033083438873291017,3.711600709067353e-05,0.3,1000,multi:softmax,1.2,2,"{'learning_rate': 0.3, 'n_estimators': 1000, 'objective': 'multi:softmax', 'reg_alpha': 1.2, 'reg_lambda': 2}",0.9830964869766163,0.9832803177768282,0.9873725998085477,0.9915254237288136,0.9957557038014782,0.9882061064184569,0.004880176757121616,72
155,0.4670969009399414,0.01843650920575154,0.0033349037170410157,6.202432643203151e-05,0.3,1000,multi:softmax,2,0.1,"{'learning_rate': 0.3, 'n_estimators': 1000, 'objective': 'multi:softmax', 'reg_alpha': 2, 'reg_lambda': 0.1}",0.9748346570566755,0.9832803177768282,0.9873725998085477,0.9915254237288136,0.9957557038014782,0.9865537404344688,0.0071849357181925045,144
156,0.4568027019500732,0.006308290530422069,0.0033368587493896483,0.00010944959535348334,0.3,1000,multi:softmax,2,1,"{'learning_rate': 0.3, 'n_estimators': 1000, 'objective': 'multi:softmax', 'reg_alpha': 2, 'reg_lambda': 1}",0.9748346570566755,0.9832803177768282,0.9873725998085477,0.9915254237288136,0.9957557038014782,0.9865537404344688,0.0071849357181925045,144
157,0.49288225173950195,0.021548236448880844,0.0033395767211914064,8.668033946921553e-05,0.3,1000,multi:softmax,2,1.2,"{'learning_rate': 0.3, 'n_estimators': 1000, 'objective': 'multi:softmax', 'reg_alpha': 2, 'reg_lambda': 1.2}",0.9790468343224965,0.9832803177768282,0.9873725998085477,0.9872859982473764,0.9957557038014782,0.9865482907913454,0.005530852533983058,152
158,0.5057891845703125,0.021483827051809793,0.0036028385162353515,0.0004607098265774082,0.3,1000,multi:softmax,2,1.4,"{'learning_rate': 0.3, 'n_estimators': 1000, 'objective': 'multi:softmax', 'reg_alpha': 2, 'reg_lambda': 1.4}",0.9748346570566755,0.9832803177768282,0.9873725998085477,0.9915254237288136,0.9957557038014782,0.9865537404344688,0.0071849357181925045,144
159,0.500077772140503,0.03224599483010075,0.003330039978027344,0.000124520014183844,0.3,1000,multi:softmax,2,2,"{'learning_rate': 0.3, 'n_estimators': 1000, 'objective': 'multi:softmax', 'reg_alpha': 2, 'reg_lambda': 2}",0.9748346570566755,0.9832803177768282,0.9831322074325622,0.9915254237288136,0.9957557038014782,0.9857056619592715,0.007287752442021427,154
